timestamp,price,market_cap,total_volume,date,coin
1770303771227,69359.6011297701,1394122500392.2083,103105296987.13713,2026-02-05 15:02:51.227,bitcoin
1770307367386,67375.62427275744,1348377220973.9692,111543279006.64403,2026-02-05 16:02:47.386,bitcoin
1770310907488,68153.73192299498,1367239811611.1584,115145664123.41508,2026-02-05 17:01:47.488,bitcoin
1770314587444,66086.43132742122,1323145260863.321,114759451303.22765,2026-02-05 18:03:07.444,bitcoin
1770318158071,66223.31451175398,1323339419787.1995,116953798388.09792,2026-02-05 19:02:38.071,bitcoin
1770321786580,65141.50387868692,1302815066761.8638,119140008425.1309,2026-02-05 20:03:06.580,bitcoin
1770325432325,63880.77153870422,1268051525678.0024,131958390918.6235,2026-02-05 21:03:52.325,bitcoin
1770328994760,63151.480794216,1260693833714.076,136841206726.9764,2026-02-05 22:03:14.760,bitcoin
1770332589772,63819.50494183307,1278449498217.379,140635639166.15842,2026-02-05 23:03:09.772,bitcoin
1770336185158,62822.26414504872,1258539183266.0337,142969080106.98886,2026-02-06 00:03:05.158,bitcoin
1770339766464,63474.177236593816,1268771716948.4065,156013535568.44662,2026-02-06 01:02:46.464,bitcoin
1770343352077,65564.69260917806,1309706987391.8672,162374904265.32797,2026-02-06 02:02:32.077,bitcoin
1770346828120,64816.18565684104,1295203389368.7874,163736099802.59894,2026-02-06 03:00:28.120,bitcoin
1770350595073,64091.22967946813,1280244016470.7207,161516430150.3972,2026-02-06 04:03:15.073,bitcoin
1770354169928,64822.456067695086,1295413333587.818,159552982310.2272,2026-02-06 05:02:49.928,bitcoin
1770357800975,66360.16683425578,1324951493672.3748,162264206968.74994,2026-02-06 06:03:20.975,bitcoin
1770361411020,64760.099244767305,1300238004626.114,161997384220.77988,2026-02-06 07:03:31.020,bitcoin
1770365010609,64762.31745067788,1294278723090.354,162318983230.30447,2026-02-06 08:03:30.609,bitcoin
1770368557087,64812.45812521936,1295650346535.6572,162197083585.63916,2026-02-06 09:02:37.087,bitcoin
1770372070528,65743.1389952177,1314298829234.8801,165270409326.77658,2026-02-06 10:01:10.528,bitcoin
1770375791873,65852.64638550671,1316383267082.4922,165388006623.69128,2026-02-06 11:03:11.873,bitcoin
1770379414016,66468.2306680357,1328369574770.211,164183065633.5603,2026-02-06 12:03:34.016,bitcoin
1770383009986,66475.34350850893,1328319175118.5225,160591669868.12067,2026-02-06 13:03:29.986,bitcoin
1770386606188,67249.23666728205,1346412321146.6826,162169925886.1174,2026-02-06 14:03:26.188,bitcoin
1770390191417,68114.36357083579,1359473711331.2727,164512877815.2768,2026-02-06 15:03:11.417,bitcoin
1770393815201,68582.16605772382,1370607134230.502,157357383903.03918,2026-02-06 16:03:35.201,bitcoin
1770397391194,69871.99988930697,1399153617091.6199,159453872658.0922,2026-02-06 17:03:11.194,bitcoin
1770400953543,70772.61875586561,1413973722966.0295,158805332144.58868,2026-02-06 18:02:33.543,bitcoin
1770404532385,69753.80678459951,1394177162487.7498,155754508695.3443,2026-02-06 19:02:12.385,bitcoin
1770408165035,70670.2604369606,1413115627446.0159,153010324806.8534,2026-02-06 20:02:45.035,bitcoin
1770411794009,69990.28130807572,1399844899539.2327,141509745628.22903,2026-02-06 21:03:14.009,bitcoin
1770415413268,70289.43455211335,1405417297072.4565,134951738286.69255,2026-02-06 22:03:33.268,bitcoin
1770418943560,71297.63519930553,1424905056534.492,132024258013.65224,2026-02-06 23:02:23.560,bitcoin
1770422513674,70545.5121611041,1409456747955.5288,128240322935.28181,2026-02-07 00:01:53.674,bitcoin
1770426180531,69924.37333126029,1397402371552.0125,112714668980.12349,2026-02-07 01:03:00.531,bitcoin
1770429748253,70471.75839223956,1408479938966.4165,108575067303.52345,2026-02-07 02:02:28.253,bitcoin
1770433383055,70323.87573035707,1404672703279.629,103832603184.51918,2026-02-07 03:03:03.055,bitcoin
1770436854461,70793.24406711856,1414666712829.433,103167736814.82657,2026-02-07 04:00:54.461,bitcoin
1770440660268,70717.02791109454,1412768560248.9104,101450324029.38416,2026-02-07 05:04:20.268,bitcoin
1770444243769,70109.21450925693,1398173184276.451,99122888504.07677,2026-02-07 06:04:03.769,bitcoin
1770447669434,68878.39427353993,1377918393577.7896,98126969432.4773,2026-02-07 07:01:09.434,bitcoin
1770451431218,68052.86603622913,1361231924198.2844,99416928440.32393,2026-02-07 08:03:51.218,bitcoin
1770454950609,68503.0750122388,1369604200204.4138,99303906320.82433,2026-02-07 09:02:30.609,bitcoin
1770458417946,68042.75346202428,1360080938299.8855,98940574772.11115,2026-02-07 10:00:17.946,bitcoin
1770462149277,67959.15338417077,1357111503374.5095,97563955211.08904,2026-02-07 11:02:29.277,bitcoin
1770465789434,67902.78315971121,1354279877673.3208,97208075934.88637,2026-02-07 12:03:09.434,bitcoin
1770469371796,68967.55007208827,1377541826798.6304,99031866216.78864,2026-02-07 13:02:51.796,bitcoin
1770472965726,68966.60908394787,1377943733016.2556,96148208102.0116,2026-02-07 14:02:45.726,bitcoin
1770476597965,68572.18589500991,1369437729350.2896,91161881883.90984,2026-02-07 15:03:17.965,bitcoin
1770480237146,69097.79894772926,1380014076829.1458,87345575063.76035,2026-02-07 16:03:57.146,bitcoin
1770483818965,68955.47179965663,1376389010217.4355,84835407217.02838,2026-02-07 17:03:38.965,bitcoin
1770487205809,69077.46959337214,1381954545131.1738,83877612461.54242,2026-02-07 18:00:05.809,bitcoin
1770491008511,69451.25303390273,1387277911054.2056,79746590511.77089,2026-02-07 19:03:28.511,bitcoin
1770494615304,69274.97522392707,1384182560601.8792,77715039228.6209,2026-02-07 20:03:35.304,bitcoin
1770498188563,69580.38509403978,1389183371325.9517,74690229173.15584,2026-02-07 21:03:08.563,bitcoin
1770501764692,69423.29165424411,1387322865895.6606,73709333124.44142,2026-02-07 22:02:44.692,bitcoin
1770505404271,69375.53227931763,1387473719609.5771,69565511286.65862,2026-02-07 23:03:24.271,bitcoin
1770509035993,69271.22535548474,1384237878780.882,68349450225.95329,2026-02-08 00:03:55.993,bitcoin
1770512658719,69072.05134454952,1378789855348.2021,67302413196.20048,2026-02-08 01:04:18.719,bitcoin
1770516225664,69336.65222875704,1385302309059.148,65812987246.60456,2026-02-08 02:03:45.664,bitcoin
1770519841815,69323.10055397708,1383552592510.451,65686434021.67026,2026-02-08 03:04:01.815,bitcoin
1770523282366,69072.73226451855,1380413385887.6309,64859818933.393684,2026-02-08 04:01:22.366,bitcoin
1770526997519,69257.21228736998,1384091716230.3857,62980442390.26424,2026-02-08 05:03:17.519,bitcoin
1770530469891,69176.62975267286,1382526974315.7825,62309233276.37308,2026-02-08 06:01:09.891,bitcoin
1770534168358,69275.2644342355,1384845347156.5044,60777951795.50181,2026-02-08 07:02:48.358,bitcoin
1770537671585,69634.77873342592,1390642668602.0667,54713385192.33957,2026-02-08 08:01:11.585,bitcoin
1770541381896,70616.33319903756,1411427027908.8508,53805403588.72301,2026-02-08 09:03:01.896,bitcoin
1770544949418,70149.49319420684,1403004337712.9905,52029292741.02225,2026-02-08 10:02:29.418,bitcoin
1770548642408,70192.55967196338,1402847481124.5266,50790793228.39165,2026-02-08 11:04:02.408,bitcoin
1770552261666,70948.55961551555,1417395335675.1714,50909192221.80524,2026-02-08 12:04:21.666,bitcoin
1770555867898,71178.215488825,1420231912349.1902,48489406747.01789,2026-02-08 13:04:27.898,bitcoin
1770559445266,71450.09750719942,1427218878815.3557,47875411428.06515,2026-02-08 14:04:05.266,bitcoin
1770563015083,71185.43635252847,1422281405397.0444,46594525663.13195,2026-02-08 15:03:35.083,bitcoin
1770566650149,71093.28992022508,1420530323260.7114,44359669412.38303,2026-02-08 16:04:10.149,bitcoin
1770570234244,70382.8443423587,1406638555616.2686,40167328812.61671,2026-02-08 17:03:54.244,bitcoin
1770573844287,70734.71298641211,1413720737873.4102,39545112061.94845,2026-02-08 18:04:04.287,bitcoin
1770577440230,71115.10260731545,1421924806538.435,39789681942.22022,2026-02-08 19:04:00.230,bitcoin
1770581039582,71364.02621667292,1426668431090.798,38109107529.05758,2026-02-08 20:03:59.582,bitcoin
1770584415342,70744.26363456192,1416008089563.9343,39956581402.11626,2026-02-08 21:00:15.342,bitcoin
1770588224885,70676.40743565756,1411233261261.1206,40124745069.16674,2026-02-08 22:03:44.885,bitcoin
1770591793326,71010.30811854756,1417589592278.8657,39885620566.42081,2026-02-08 23:03:13.326,bitcoin
1770595437580,70288.14411281867,1405738579972.5288,42710413811.381424,2026-02-09 00:03:57.580,bitcoin
1770599050666,70459.16182303062,1407332824700.223,43232940126.51084,2026-02-09 01:04:10.666,bitcoin
1770602544784,70331.36328987485,1406015303634.4404,43958720147.785286,2026-02-09 02:02:24.784,bitcoin
1770606161743,70569.9975377267,1410526409725.529,44628836015.89235,2026-02-09 03:02:41.743,bitcoin
1770609818368,71229.73530963564,1422868887671.0793,45666691156.23054,2026-02-09 04:03:38.368,bitcoin
1770613390803,70964.73659393784,1417451066072.6753,46394131621.17513,2026-02-09 05:03:10.803,bitcoin
1770617070965,70917.7140775821,1417975388529.5112,45222326315.17048,2026-02-09 06:04:30.965,bitcoin
1770620577857,70599.48065506382,1411594673414.0989,46173458009.80861,2026-02-09 07:02:57.857,bitcoin
1770624214806,70373.24121786421,1407629973151.9658,46330132588.296974,2026-02-09 08:03:34.806,bitcoin
1770627915874,69837.07732988766,1397364844945.1702,46182465578.47193,2026-02-09 09:05:15.874,bitcoin
1770631464242,69550.37698573632,1389126299430.0505,45873852335.29174,2026-02-09 10:04:24.242,bitcoin
1770634990367,68682.80182170549,1372732664846.4187,47155776171.561874,2026-02-09 11:03:10.367,bitcoin
1770638648041,68832.02582910914,1375156443579.467,47596951083.62912,2026-02-09 12:04:08.041,bitcoin
1770642178390,69082.02289196198,1378957347806.0784,47716231520.51595,2026-02-09 13:02:58.390,bitcoin
1770645818510,68592.05509846479,1372998446041.022,47636321385.66653,2026-02-09 14:03:38.510,bitcoin
1770649437354,69277.24182643309,1383455802812.6628,50373282830.7521,2026-02-09 15:03:57.354,bitcoin
1770653048338,69497.9504768076,1388905720949.2837,50586871562.70889,2026-02-09 16:04:08.338,bitcoin
1770656658213,70052.90697154785,1401464341824.9702,51918509561.750275,2026-02-09 17:04:18.213,bitcoin
1770660278179,70580.77336767624,1413123124733.916,54510853357.28023,2026-02-09 18:04:38.179,bitcoin
1770663827055,70345.99548691839,1404859191981.3245,55540937707.21441,2026-02-09 19:03:47.055,bitcoin
1770667423251,70891.58132530384,1418579854530.9004,56251217032.015076,2026-02-09 20:03:43.251,bitcoin
1770671058216,70744.7606123553,1413320682006.503,56620564562.80137,2026-02-09 21:04:18.216,bitcoin
1770674613561,70375.09590515462,1406232013125.2925,58987498075.98621,2026-02-09 22:03:33.561,bitcoin
1770678229473,70339.16694175807,1405914655947.8264,58996917412.390236,2026-02-09 23:03:49.473,bitcoin
1770681843099,70123.68796096664,1400890109949.0806,55970867172.749596,2026-02-10 00:04:03.099,bitcoin
1770685432077,69826.11877692133,1395756356996.6047,55256992263.42356,2026-02-10 01:03:52.077,bitcoin
1770689048786,70394.23922233515,1406852606889.799,54673189898.7926,2026-02-10 02:04:08.786,bitcoin
1770692601270,70064.76056999435,1399846184345.6943,53438939737.40437,2026-02-10 03:03:21.270,bitcoin
1770696179597,69457.98618467282,1388899741558.5356,53117473368.9359,2026-02-10 04:02:59.597,bitcoin
1770699777463,69797.42294899575,1395535374084.8088,52918572064.28768,2026-02-10 05:02:57.463,bitcoin
1770703382631,69382.33864852159,1385763849909.7834,52873750035.38654,2026-02-10 06:03:02.631,bitcoin
1770707009853,68847.05069249081,1376633346563.1565,53506698038.90941,2026-02-10 07:03:29.853,bitcoin
1770710543150,68881.0732316969,1377102101116.336,52722974911.08274,2026-02-10 08:02:23.150,bitcoin
1770714186243,69064.99112489945,1380567439458.8699,52034983740.19124,2026-02-10 09:03:06.243,bitcoin
1770717837962,69105.54398342568,1380574232831.3472,51648701984.67807,2026-02-10 10:03:57.962,bitcoin
1770721344171,68877.64853072929,1377477355312.6375,50171205626.949326,2026-02-10 11:02:24.171,bitcoin
1770725020193,68522.82784238047,1368850816301.6614,49736037055.876144,2026-02-10 12:03:40.193,bitcoin
1770728579479,68543.23050244208,1371268212140.794,49549051754.988556,2026-02-10 13:02:59.479,bitcoin
1770732168078,68958.60997610839,1378272531894.595,49396649807.45645,2026-02-10 14:02:48.078,bitcoin
1770735744965,68400.9302576248,1367103059924.5742,49670133970.18679,2026-02-10 15:02:24.965,bitcoin
1770739381918,69246.28467257677,1383002070806.829,49421123396.0911,2026-02-10 16:03:01.918,bitcoin
1770743001020,69539.89537574978,1389528961094.7825,49403567289.337654,2026-02-10 17:03:21.020,bitcoin
1770746597790,69855.81229514664,1394904230572.3618,47715404256.15259,2026-02-10 18:03:17.790,bitcoin
1770750151070,68892.14110177293,1377798895983.9062,47050514706.2404,2026-02-10 19:02:31.070,bitcoin
1770753791756,69014.0978254628,1379743583906.3958,46333518662.42322,2026-02-10 20:03:11.756,bitcoin
1770757242181,68756.11136655635,1373749993590.008,45839394600.42798,2026-02-10 21:00:42.181,bitcoin
1770760998773,68636.08258362056,1371334635461.6018,44984430354.02971,2026-02-10 22:03:18.773,bitcoin
1770764590009,68661.02296853696,1372758916880.8652,44352434883.30979,2026-02-10 23:03:10.009,bitcoin
1770768270101,68787.11157131186,1374903003258.1863,42874724071.0538,2026-02-11 00:04:30.101,bitcoin
1770771778705,69163.88217016484,1382383852293.8442,41130937835.988235,2026-02-11 01:02:58.705,bitcoin
1770775395302,68946.97762062182,1378433241594.6108,43655027809.2083,2026-02-11 02:03:15.302,bitcoin
1770778822849,68644.96060706391,1371758775586.7844,43241083756.32551,2026-02-11 03:00:22.849,bitcoin
1770782518507,68175.45041937327,1363971120199.794,43356164024.02999,2026-02-11 04:01:58.507,bitcoin
1770786239711,67551.3977776452,1349856352132.709,44388924843.934395,2026-02-11 05:03:59.711,bitcoin
1770789788390,67393.1338876921,1348452972129.7776,44617447024.12081,2026-02-11 06:03:08.390,bitcoin
1770793394850,66764.58898080258,1334089090478.068,44958933490.73366,2026-02-11 07:03:14.850,bitcoin
1770796857540,67017.05721590634,1341330926966.3987,45160793056.80557,2026-02-11 08:00:57.540,bitcoin
1770800640815,66970.62905077402,1338226704776.8904,45537195992.77328,2026-02-11 09:04:00.815,bitcoin
1770804222338,66807.6119388558,1335200848812.6155,45104034962.250755,2026-02-11 10:03:42.338,bitcoin
1770807649109,66494.98120901024,1327326034695.926,46093190568.38102,2026-02-11 11:00:49.109,bitcoin
1770811466669,67014.71498124763,1339440713134.7505,45714337674.53007,2026-02-11 12:04:26.669,bitcoin
1770814941146,67091.50719892021,1341010527145.9333,46254008029.97919,2026-02-11 13:02:21.146,bitcoin
1770818634080,67437.24255140442,1345620193040.8547,47615116264.20315,2026-02-11 14:03:54.080,bitcoin
1770822142598,66520.47043126007,1332823223096.2427,45368182105.93343,2026-02-11 15:02:22.598,bitcoin
1770825818982,66493.85891764812,1330202318477.138,50369095822.03119,2026-02-11 16:03:38.982,bitcoin
1770829377563,66001.27448137071,1319703198891.1277,50752603750.38526,2026-02-11 17:02:57.563,bitcoin
1770833032060,66499.01615547431,1330316934485.98,51365400028.15163,2026-02-11 18:03:52.060,bitcoin
1770836574817,67229.70574812587,1343760943547.8943,51344650665.133995,2026-02-11 19:02:54.817,bitcoin
1770840145507,67537.2135009556,1349997826143.1123,52141066121.408516,2026-02-11 20:02:25.507,bitcoin
1770843613247,67486.51819881125,1349423363222.1892,52541115408.86079,2026-02-11 21:00:13.247,bitcoin
1770847391661,67779.27675800232,1356207200201.8274,53933197656.09622,2026-02-11 22:03:11.661,bitcoin
1770850977001,67390.92632777932,1347585433401.6316,54306834841.8603,2026-02-11 23:02:57.001,bitcoin
1770854594816,66993.76514615967,1338453692996.864,54800843034.431206,2026-02-12 00:03:14.816,bitcoin
1770858210969,67451.07122442544,1348338111850.3723,55317435910.75528,2026-02-12 01:03:30.969,bitcoin
1770861740907,67649.64782221185,1351326863274.0942,55322335342.2656,2026-02-12 02:02:20.907,bitcoin
1770865333033,67387.85725544306,1347407077354.7263,55598081784.51839,2026-02-12 03:02:13.033,bitcoin
1770868959653,67524.26768392987,1348522270916.5657,54424687250.10459,2026-02-12 04:02:39.653,bitcoin
1770872445953,66986.30434164265,1338919906660.1013,53991969915.361595,2026-02-12 05:00:45.953,bitcoin
1770876187764,67078.87774531855,1340344128408.836,53319037946.80028,2026-02-12 06:03:07.764,bitcoin
1770879753276,67053.22272636107,1340504987812.437,51541591158.04954,2026-02-12 07:02:33.276,bitcoin
1770883386608,67178.4581077123,1342430037040.4868,50899324987.587944,2026-02-12 08:03:06.608,bitcoin
1770886826396,67025.73999197627,1338949184549.555,51108876405.60461,2026-02-12 09:00:26.396,bitcoin
1770890594264,67505.20239437708,1350729877055.4067,51282011930.28332,2026-02-12 10:03:14.264,bitcoin
1770894152327,67918.8668330455,1356354908661.779,50990141316.21877,2026-02-12 11:02:32.327,bitcoin
1770897797199,68104.64609334413,1360952426567.17,51145339625.11712,2026-02-12 12:03:17.199,bitcoin
1770901404804,67821.82074131482,1355404809979.113,50669670652.20118,2026-02-12 13:03:24.804,bitcoin
1770904945455,68308.5139267418,1360820104400.963,49744713826.2284,2026-02-12 14:02:25.455,bitcoin
1770908560906,67619.70970025606,1354909129524.7017,46693921918.26753,2026-02-12 15:02:40.906,bitcoin
1770912140668,67107.39876003392,1342113833851.5198,44901368488.96015,2026-02-12 16:02:20.668,bitcoin
1770915800830,65788.29080024328,1315449960996.633,46749299373.93626,2026-02-12 17:03:20.830,bitcoin
1770919336279,65411.62913430127,1308686159097.6912,48015526327.47796,2026-02-12 18:02:16.279,bitcoin
1770923004539,65536.35172344626,1309891650630.005,48298454644.78653,2026-02-12 19:03:24.539,bitcoin
1770926443822,65787.26041698357,1316779494628.517,48989373398.98654,2026-02-12 20:00:43.822,bitcoin
1770930044970,65373.153465460666,1306659190335.026,48913471510.32064,2026-02-12 21:00:44.970,bitcoin
1770933720672,65760.26221328336,1314278285814.2026,47531343694.627014,2026-02-12 22:02:00.672,bitcoin
1770937300131,66246.03819951249,1322527539117.699,47942956093.085434,2026-02-12 23:01:40.131,bitcoin
1770940963643,66192.37908688825,1323841048612.3945,47701691655.57554,2026-02-13 00:02:43.643,bitcoin
1770944584364,65907.85178274351,1318148475931.5212,48113619710.325676,2026-02-13 01:03:04.364,bitcoin
1770948160046,66354.20379582758,1325619563599.6091,48298946112.645065,2026-02-13 02:02:40.046,bitcoin
1770951622916,66660.74922526913,1331938877004.9822,47952305390.48384,2026-02-13 03:00:22.916,bitcoin
1770955364083,66460.80346947702,1328179146341.5642,48074293429.11157,2026-02-13 04:02:44.083,bitcoin
1770959002630,66287.2478700668,1325272517026.215,48214914366.40085,2026-02-13 05:03:22.630,bitcoin
1770962612338,66145.26647622047,1323757655038.2188,47491349138.333954,2026-02-13 06:03:32.338,bitcoin
1770966224946,66319.79278508217,1325263679921.2485,46633005813.40141,2026-02-13 07:03:44.946,bitcoin
1770969649134,66168.09118045383,1323362643290.3442,47724018561.13271,2026-02-13 08:00:49.134,bitcoin
1770973404328,66633.60165762658,1331780078498.1426,47720173701.29639,2026-02-13 09:03:24.328,bitcoin
1770976873183,66895.3374846119,1337766479450.2852,47889035286.38281,2026-02-13 10:01:13.183,bitcoin
1770980554662,66928.08718593771,1338583414413.1057,47964373213.115555,2026-02-13 11:02:34.662,bitcoin
1770984109205,67126.01455622054,1341807862263.5625,46542115316.03613,2026-02-13 12:01:49.205,bitcoin
1770987760617,67051.53066547718,1341956619077.282,45919635881.57735,2026-02-13 13:02:40.617,bitcoin
1770991333464,67252.78657169837,1345734175961.3442,47515963291.74175,2026-02-13 14:02:13.464,bitcoin
1770994934383,67680.10358293349,1352775278210.1436,48184630500.17931,2026-02-13 15:02:14.383,bitcoin
1770998400271,68601.35608327099,1371720048423.9116,45150077540.96676,2026-02-13 16:00:00.271,bitcoin
1771002000793,69105.3880728048,1380593673471.9575,49058345773.97718,2026-02-13 17:00:00.793,bitcoin
1771005613595,69016.92320744746,1379718241510.0786,47383287375.53593,2026-02-13 18:00:13.595,bitcoin
1771009294480,69097.83747759652,1382728388417.5027,45938355145.19039,2026-02-13 19:01:34.480,bitcoin
1771012983748,68928.36804915236,1379784518790.0535,45528663791.55932,2026-02-13 20:03:03.748,bitcoin
1771016607968,68733.84411753804,1372842115032.2578,44917475797.290825,2026-02-13 21:03:27.968,bitcoin
1771020223321,68842.4853080273,1374793793201.3455,44775516161.81126,2026-02-13 22:03:43.321,bitcoin
1771023750239,68930.85615649213,1376644913961.3909,44504820255.95207,2026-02-13 23:02:30.239,bitcoin
1771027335076,68848.91601457071,1376526525910.444,43251101935.55212,2026-02-14 00:02:15.076,bitcoin
1771030958064,69052.11814104643,1380484225590.9827,42778849443.538086,2026-02-14 01:02:38.064,bitcoin
1771034491662,68925.81413527165,1377421996287.8242,42004195777.86413,2026-02-14 02:01:31.662,bitcoin
1771038083799,68850.55795334087,1376424176460.0073,41282735570.54003,2026-02-14 03:01:23.799,bitcoin
1771041752219,68946.54151316333,1378426475829.8816,40795094229.310936,2026-02-14 04:02:32.219,bitcoin
1771045409194,68759.15934178799,1374723177519.6035,40612474007.65937,2026-02-14 05:03:29.194,bitcoin
1771048977673,68742.18544956709,1374196243635.902,40022585459.32456,2026-02-14 06:02:57.673,bitcoin
1771052442384,68897.33349196923,1377085924387.5547,39928151639.67787,2026-02-14 07:00:42.384,bitcoin
1771056180778,69189.82934923672,1383567649471.7507,39704978719.23175,2026-02-14 08:03:00.778,bitcoin
1771059645397,69726.25267790715,1393344878708.4436,40599333406.876785,2026-02-14 09:00:45.397,bitcoin
1771063296364,69691.52126791891,1393072103344.5789,39904915437.59087,2026-02-14 10:01:36.364,bitcoin
1771067003061,69635.27468433385,1391273656404.1218,39669658327.708466,2026-02-14 11:03:23.061,bitcoin
1771070448924,70434.28463415819,1407801992512.048,41507093219.51716,2026-02-14 12:00:48.924,bitcoin
1771074228660,69633.0263652205,1394358269444.942,43865117570.30932,2026-02-14 13:03:48.660,bitcoin
1771077785751,69416.53585336605,1386453714010.4058,45423759271.67148,2026-02-14 14:03:05.751,bitcoin
1771081389174,69702.71797144218,1395303364629.2756,44970344458.49436,2026-02-14 15:03:09.174,bitcoin
1771084981553,69761.73770486697,1394454429313.261,41130936726.03528,2026-02-14 16:03:01.553,bitcoin
1771088576652,69709.11375885298,1393387019515.1985,40259239283.45114,2026-02-14 17:02:56.652,bitcoin
1771092191441,69687.28327880825,1393451990353.2805,40040345552.868195,2026-02-14 18:03:11.441,bitcoin
1771095760114,69733.54122326875,1393945613849.2246,38724650716.55669,2026-02-14 19:02:40.114,bitcoin
1771099362490,69825.50119312223,1395500681733.6711,38447732149.98498,2026-02-14 20:02:42.490,bitcoin
1771102968961,69990.8175307309,1398569328205.1226,38078112131.58221,2026-02-14 21:02:48.961,bitcoin
1771106639163,69884.50659515375,1397002545819.953,39003121812.8865,2026-02-14 22:03:59.163,bitcoin
1771110176125,69924.91653176714,1398594128416.785,39057623317.86665,2026-02-14 23:02:56.125,bitcoin
1771113833822,69774.2353259966,1394599877204.5352,38933493304.641884,2026-02-15 00:03:53.822,bitcoin
1771117406838,69729.48913093255,1393748877521.4824,38684550920.876015,2026-02-15 01:03:26.838,bitcoin
1771121007924,69674.4394979836,1391766498583.5896,39045697388.54645,2026-02-15 02:03:27.924,bitcoin
1771124576910,69463.07617718862,1389399993039.763,39956539817.579315,2026-02-15 03:02:56.910,bitcoin
1771128252938,69961.3128035441,1397479656631.672,40833202712.20845,2026-02-15 04:04:12.938,bitcoin
1771131807845,70155.37241359024,1401554313317.861,42838505803.46751,2026-02-15 05:03:27.845,bitcoin
1771135373187,70243.08860355157,1404700153503.9421,43297737779.191246,2026-02-15 06:02:53.187,bitcoin
1771139033261,70373.12694780517,1406705445776.7847,43434701266.0676,2026-02-15 07:03:53.261,bitcoin
1771142564187,70786.26660662086,1413434188068.9026,44923625589.27077,2026-02-15 08:02:44.187,bitcoin
1771146229234,70411.32054067256,1407508159164.2466,44558798135.884926,2026-02-15 09:03:49.234,bitcoin
1771149770020,70376.88960841866,1407235614960.0854,44221901300.58948,2026-02-15 10:02:50.020,bitcoin
1771153396261,70404.94823152284,1408066430018.3054,44440319311.44865,2026-02-15 11:03:16.261,bitcoin
1771156982331,70267.17175907342,1404427441572.7932,42656707239.25695,2026-02-15 12:03:02.331,bitcoin
1771160650361,69387.60144625134,1388621630920.8484,42551482718.76556,2026-02-15 13:04:10.361,bitcoin
1771164204829,68940.40544020956,1377855209249.119,41071921519.03688,2026-02-15 14:03:24.829,bitcoin
1771167820327,69110.93706350432,1381102656721.1335,39546405848.89789,2026-02-15 15:03:40.327,bitcoin
1771171405270,69060.54773085675,1379415773287.8787,38531987079.00762,2026-02-15 16:03:25.270,bitcoin
1771174957916,69004.9733197395,1379534014787.69,38867825300.79624,2026-02-15 17:02:37.916,bitcoin
1771178557233,68580.5740698471,1370092546769.3562,39012592092.01335,2026-02-15 18:02:37.233,bitcoin
1771182032737,68391.51912497477,1366593030340.1035,41597413648.63246,2026-02-15 19:00:32.737,bitcoin
1771185778384,68282.55660712713,1365637167551.5122,43838127124.04908,2026-02-15 20:02:58.384,bitcoin
1771189399174,68418.56410917995,1367609253181.3987,43276489914.20396,2026-02-15 21:03:19.174,bitcoin
1771192956165,68837.65412375923,1376409152103.4316,43363826540.775185,2026-02-15 22:02:36.165,bitcoin
1771196554604,68923.26011623367,1377737145863.3423,43705863143.99274,2026-02-15 23:02:34.604,bitcoin
1771200111693,68781.29710864896,1374263820965.6946,44059453860.74732,2026-02-16 00:01:51.693,bitcoin
1771203746273,68807.54988540319,1376250689034.6106,43925298744.616234,2026-02-16 01:02:26.273,bitcoin
1771207347636,68600.88251203044,1371246410813.0623,43706313176.74043,2026-02-16 02:02:27.636,bitcoin
1771210940011,68299.08789823233,1364497116080.9758,44381880563.794395,2026-02-16 03:02:20.011,bitcoin
1771214507482,68378.05073894249,1366693192414.0427,43672421142.131454,2026-02-16 04:01:47.482,bitcoin
1771218137250,68833.3771011827,1375873999670.2783,41648269413.236465,2026-02-16 05:02:17.250,bitcoin
1771221684553,68368.57404069978,1366961740195.3474,41136567612.14246,2026-02-16 06:01:24.553,bitcoin
1771225393191,68411.1284780013,1367672490789.049,40630711877.04079,2026-02-16 07:03:13.191,bitcoin
1771228973131,68543.04733752139,1369677703718.291,38909820329.00336,2026-02-16 08:02:53.131,bitcoin
1771232505102,68726.37761691494,1373702122261.663,38007111217.44776,2026-02-16 09:01:45.102,bitcoin
1771236183125,68939.5890405427,1378635158949.8887,38137487836.65997,2026-02-16 10:03:03.125,bitcoin
1771239759271,68766.4623978235,1374752193855.3496,37706242633.155945,2026-02-16 11:02:39.271,bitcoin
1771243347089,68817.00684590373,1375962724624.2168,37973118938.36069,2026-02-16 12:02:27.089,bitcoin
1771246949167,69720.91528212125,1394144163689.062,38832877121.510185,2026-02-16 13:02:29.167,bitcoin
1771250562123,68361.14702019827,1365965491386.296,39297775118.03769,2026-02-16 14:02:42.123,bitcoin
1771254222183,68381.76268962049,1366245284571.7217,40027605258.46201,2026-02-16 15:03:42.183,bitcoin
1771257777265,67513.43201399366,1349633423967.245,42221842569.46593,2026-02-16 16:02:57.265,bitcoin
1771261368139,67830.48266944081,1355425036360.7043,41968084897.96016,2026-02-16 17:02:48.139,bitcoin
1771264957493,67923.40204674947,1357790928500.96,41516441916.79735,2026-02-16 18:02:37.493,bitcoin
1771268638387,67845.65549273694,1356276366564.1353,39034271272.765396,2026-02-16 19:03:58.387,bitcoin
1771272200491,67881.7978501668,1357171755015.4387,36519697773.297485,2026-02-16 20:03:20.491,bitcoin
1771275806309,68479.96365635042,1367522314745.3699,36839510054.91049,2026-02-16 21:03:26.309,bitcoin
1771279428549,68804.97684090007,1376077437467.2327,36989741564.88966,2026-02-16 22:03:48.549,bitcoin
1771282976121,68589.22180875255,1371278886768.2664,37273468048.005486,2026-02-16 23:02:56.121,bitcoin
1771286610055,68852.48637282102,1376232453104.8237,36572599362.38889,2026-02-17 00:03:30.055,bitcoin
1771290135223,68856.54508076754,1376375896538.9146,36927057262.08928,2026-02-17 01:02:15.223,bitcoin
1771293756279,68587.90136643896,1371367616629.9124,36327672525.65932,2026-02-17 02:02:36.279,bitcoin
1771297416425,68815.02905097854,1377665983324.936,36816177766.43137,2026-02-17 03:03:36.425,bitcoin
1771300931916,68465.88015024242,1368522197956.067,35989118077.294205,2026-02-17 04:02:11.916,bitcoin
1771304442446,68419.78749680043,1367154276274.4106,36126242159.48267,2026-02-17 05:00:42.446,bitcoin
1771308045069,68196.19133548804,1363488217668.362,36581384447.753426,2026-02-17 06:00:45.069,bitcoin
1771311843279,68358.38868471434,1366659922986.1638,36497778423.0303,2026-02-17 07:04:03.279,bitcoin
1771315320124,68358.54885195654,1367360907070.3293,36524847831.598274,2026-02-17 08:02:00.124,bitcoin
1771318921710,68142.87710761404,1361939500101.539,36154433716.507095,2026-02-17 09:02:01.710,bitcoin
1771322515931,68079.29361360389,1360965145195.0728,36208180455.52801,2026-02-17 10:01:55.931,bitcoin
1771326135716,67784.02666527066,1354853145632.2026,36630534471.703926,2026-02-17 11:02:15.716,bitcoin
1771329632329,67833.14545257023,1355912870545.4268,36728930327.18999,2026-02-17 12:00:32.329,bitcoin
1771333338178,67888.17582537961,1356919756026.602,34909822549.05763,2026-02-17 13:02:18.178,bitcoin
1771336833831,68091.7970259687,1362280599306.1533,33752121508.073776,2026-02-17 14:00:33.831,bitcoin
1771340551408,66900.86088977731,1338478542311.518,35004692496.10207,2026-02-17 15:02:31.408,bitcoin
1771344147028,67352.03557682618,1345437480648.2722,35239069460.506386,2026-02-17 16:02:27.028,bitcoin
1771347638300,67520.45663312795,1349824263979.7305,36626716150.86161,2026-02-17 17:00:38.300,bitcoin
1771351365274,67198.53776740881,1343514823943.5718,37612963257.10952,2026-02-17 18:02:45.274,bitcoin
1771355000349,68070.65432562269,1362060344728.0195,38524971730.37012,2026-02-17 19:03:20.349,bitcoin
1771358465001,67789.9677181016,1355875045420.0913,39134927307.9145,2026-02-17 20:01:05.001,bitcoin
1771362132834,67729.879969294,1354263662250.228,39336930269.861115,2026-02-17 21:02:12.834,bitcoin
1771365790689,67643.96687622776,1351926951459.1824,38650434779.58925,2026-02-17 22:03:10.689,bitcoin
1771369358968,67511.08100510074,1349528717639.0972,38395544655.38398,2026-02-17 23:02:38.968,bitcoin
1771372923508,67478.66920269319,1349041378323.5496,38229721350.363174,2026-02-18 00:02:03.508,bitcoin
1771376536416,67295.93918777717,1344990905681.665,37481625573.948105,2026-02-18 01:02:16.416,bitcoin
1771380112564,67121.17416691722,1341826910342.3489,34217119692.472115,2026-02-18 02:01:52.564,bitcoin
1771383705436,67298.87495580375,1345277494716.054,37082948920.82653,2026-02-18 03:01:45.436,bitcoin
1771387403314,67605.87435157233,1351926790467.2825,37182166644.43167,2026-02-18 04:03:23.314,bitcoin
1771390906523,67770.52548526973,1355311705473.6704,37258218172.244255,2026-02-18 05:01:46.523,bitcoin
1771394432154,67610.24909276767,1351804226115.438,36190226981.47406,2026-02-18 06:00:32.154,bitcoin
1771398146424,67812.32340573036,1355650124978.4922,36279028092.04187,2026-02-18 07:02:26.424,bitcoin
1771401775802,68087.77007418862,1361873113206.1956,36703040743.899994,2026-02-18 08:02:55.802,bitcoin
1771405272191,68092.30939990666,1360777752289.6675,37070301208.7109,2026-02-18 09:01:12.191,bitcoin
1771409002928,68130.76658086086,1362495216965.6257,36764127032.18955,2026-02-18 10:03:22.928,bitcoin
1771412556503,67757.18921579409,1354829542409.4731,36694251750.53921,2026-02-18 11:02:36.503,bitcoin
1771416141509,67378.80486981728,1349650732167.7896,37243789152.379196,2026-02-18 12:02:21.509,bitcoin
1771419728004,67465.52794094842,1349724887534.8499,37118013395.216324,2026-02-18 13:02:08.004,bitcoin
1771423334250,67191.89205610077,1341038746639.9807,36800808405.125916,2026-02-18 14:02:14.250,bitcoin
1771426909221,67156.67569324691,1342363938591.6348,35730171678.10324,2026-02-18 15:01:49.221,bitcoin
1771430539135,67663.21696845596,1355186742430.6602,34816752345.12441,2026-02-18 16:02:19.135,bitcoin
1771434044658,67105.62639714318,1340920455645.7107,34304419793.624546,2026-02-18 17:00:44.658,bitcoin
1771437695746,67147.92942211787,1340914124922.8313,33354650307.878956,2026-02-18 18:01:35.746,bitcoin
1771441225557,66315.35717122022,1327659762775.5588,33920556777.73735,2026-02-18 19:00:25.557,bitcoin
1771444921312,66143.11023952397,1322080009010.078,34610151591.20639,2026-02-18 20:02:01.312,bitcoin
1771448523574,66245.54294126258,1324389132802.972,35200176100.691055,2026-02-18 21:02:03.574,bitcoin
1771452106007,66319.09854121489,1325924002125.6704,35736897625.33467,2026-02-18 22:01:46.007,bitcoin
1771455683232,66395.02300417775,1327387973549.6963,36244828945.818726,2026-02-18 23:01:23.232,bitcoin
1771459273233,66437.13592509933,1328256573832.1382,35928484483.82767,2026-02-19 00:01:13.233,bitcoin
1771462998732,66422.48277202653,1327038319765.416,35770496577.7459,2026-02-19 01:03:18.732,bitcoin
1771466560008,66833.17282840105,1336101508009.568,35684366154.69013,2026-02-19 02:02:40.008,bitcoin
1771470044709,66822.55646014048,1332953887586.7861,32900121060.5897,2026-02-19 03:00:44.709,bitcoin
1771473641661,66933.92747646493,1337443283473.152,36226210236.364105,2026-02-19 04:00:41.661,bitcoin
1771477398157,66780.89118616698,1335650269108.8242,36095149523.59549,2026-02-19 05:03:18.157,bitcoin
1771480862769,66837.42029796186,1336169574599.0684,35761486922.77008,2026-02-19 06:01:02.769,bitcoin
1771484461425,67116.50346018281,1342406841127.452,36550123836.43581,2026-02-19 07:01:01.425,bitcoin
1771488115418,67170.02189428693,1342725615542.5183,36263879475.72366,2026-02-19 08:01:55.418,bitcoin
1771491743652,66935.07201032821,1337108013220.5625,36158594718.4567,2026-02-19 09:02:23.652,bitcoin
1771495362686,66811.14558678101,1335803025331.3582,36096597974.37265,2026-02-19 10:02:42.686,bitcoin
1771498965150,66808.56146870888,1335481009046.2322,35862139469.140465,2026-02-19 11:02:45.150,bitcoin
1771502561805,66477.69591909723,1329325099983.3271,34505825311.607925,2026-02-19 12:02:41.805,bitcoin
1771506053718,66493.38343507201,1329206787351.5154,35162078412.38936,2026-02-19 13:00:53.718,bitcoin
1771509727060,65893.78142463525,1317522946033.3735,36293294637.99276,2026-02-19 14:02:07.060,bitcoin
1771513268233,66395.49662413551,1329636594223.3318,36864335694.48374,2026-02-19 15:01:08.233,bitcoin
1771516862850,66361.8367706384,1325432244942.995,36576101386.952866,2026-02-19 16:01:02.850,bitcoin
1771520520239,66301.02313033368,1325587905171.1301,36306790240.44211,2026-02-19 17:02:00.239,bitcoin
1771524117321,66299.1689966471,1325547549535.9841,36887593973.56029,2026-02-19 18:01:57.321,bitcoin
1771527735671,66982.72221505808,1338004538926.3125,36186373960.30936,2026-02-19 19:02:15.671,bitcoin
1771531239949,67011.6707462627,1339587738491.7773,35131927433.58472,2026-02-19 20:00:39.949,bitcoin
1771535002401,67091.72571178003,1341228445153.5933,34446610431.36371,2026-02-19 21:03:22.401,bitcoin
1771538527434,66898.79302429323,1337528182405.7349,33870178212.0521,2026-02-19 22:02:07.434,bitcoin
1771542204375,66915.1097813609,1337359275967.5999,34327242105.6028,2026-02-19 23:03:24.375,bitcoin
1771545756225,66956.66409601258,1338349706526.495,33879277609.399834,2026-02-20 00:02:36.225,bitcoin
1771549352687,67227.67488249822,1344012559516.2244,34847035123.440544,2026-02-20 01:02:32.687,bitcoin
1771552946623,67247.43012565825,1343720468185.2925,34370034183.185135,2026-02-20 02:02:26.623,bitcoin
1771556529439,67239.57495785308,1344568962119.935,34039828298.241695,2026-02-20 03:02:09.439,bitcoin
1771560167556,67334.82652058548,1345985534096.1396,33919864270.133335,2026-02-20 04:02:47.556,bitcoin
1771563824628,67232.6875433637,1343832617291.0532,33849496455.072475,2026-02-20 05:03:44.628,bitcoin
1771567421193,67767.35955427619,1355645458807.751,35856352869.94796,2026-02-20 06:03:41.193,bitcoin
1771570806770,67839.84481085645,1355601777040.4802,35670030493.24213,2026-02-20 07:00:06.770,bitcoin
1771574619701,67806.37469278977,1355217540053.5317,35747948062.38002,2026-02-20 08:03:39.701,bitcoin
1771578175707,67850.71900445792,1356569736169.2195,34903093391.62193,2026-02-20 09:02:55.707,bitcoin
1771581718021,68172.85620895511,1362912020052.947,35742718701.57101,2026-02-20 10:01:58.021,bitcoin
1771585363278,67910.89892947351,1357989832772.0613,35966371865.23613,2026-02-20 11:02:43.278,bitcoin
1771588948194,67346.76441904357,1349225821139.3347,37774043405.5673,2026-02-20 12:02:28.194,bitcoin
1771592588447,67502.25731074518,1349066149530.3792,37565003446.595436,2026-02-20 13:03:08.447,bitcoin
1771596135266,66754.63539163572,1335911335057.479,38378946389.60511,2026-02-20 14:02:15.266,bitcoin
1771599807650,67101.97572410556,1340423993418.459,37203278831.01306,2026-02-20 15:03:27.650,bitcoin
1771603405167,67558.75301277851,1350307203281.2756,45762985262.41321,2026-02-20 16:03:25.167,bitcoin
1771606867292,67782.28579901981,1353085171821.2815,47003527895.933716,2026-02-20 17:01:07.292,bitcoin
1771610556353,67582.50451035672,1350531432372.424,50839356553.82829,2026-02-20 18:02:36.353,bitcoin
1771614146779,67920.91594116506,1356554098877.1365,52476074893.29406,2026-02-20 19:02:26.779,bitcoin
1771617799390,67622.66814335548,1351928566637.2793,51611599983.447044,2026-02-20 20:03:19.390,bitcoin
1771621376127,67700.63320434374,1353403799006.3037,52770846389.65328,2026-02-20 21:02:56.127,bitcoin
1771624809080,67774.4148817248,1355007228799.2947,52700512575.84199,2026-02-20 22:00:09.080,bitcoin
1771628509104,68041.9989547035,1360322371913.5127,52884092583.59717,2026-02-20 23:01:49.104,bitcoin
1771632095614,68001.16900641973,1359469462316.509,52999595424.758705,2026-02-21 00:01:35.614,bitcoin
1771635686318,67814.84736860167,1355635635156.9617,52975799223.269745,2026-02-21 01:01:26.318,bitcoin
1771639346125,67938.11806652314,1358282500204.6912,52432002589.977234,2026-02-21 02:02:26.125,bitcoin
1771642821704,67990.97108159284,1359117431220.2097,52222419380.26679,2026-02-21 03:00:21.704,bitcoin
1771646565685,67636.09802439428,1351318194243.5188,52718098251.26019,2026-02-21 04:02:45.685,bitcoin
1771650126973,67795.1935276166,1354176227714.9194,52085349207.79657,2026-02-21 05:02:06.973,bitcoin
1771653727329,67833.35816343532,1356160444263.4153,50853375201.58831,2026-02-21 06:02:07.329,bitcoin
1771657241289,67771.15490900952,1354781856230.9272,49992693850.78194,2026-02-21 07:00:41.289,bitcoin
1771660951186,67835.58161535914,1355970975405.2095,49222749125.13832,2026-02-21 08:02:31.186,bitcoin
1771664538042,68033.45506604825,1359460389652.8943,49491090943.66648,2026-02-21 09:02:18.042,bitcoin
1771668152943,68134.27481021718,1362118556169.88,48813531917.375336,2026-02-21 10:02:32.943,bitcoin
1771671730600,68185.96157291178,1362959149853.6035,48509882920.52385,2026-02-21 11:02:10.600,bitcoin
1771675340281,68080.98290497396,1361065537375.3523,47038911339.985275,2026-02-21 12:02:20.281,bitcoin
1771678846188,68177.9654336213,1362700870642.535,46533219794.29697,2026-02-21 13:00:46.188,bitcoin
1771682540586,68234.65912706646,1363395028292.88,39953156063.9003,2026-02-21 14:02:20.586,bitcoin
1771686115506,68447.8539525863,1368310872641.172,37597077627.074,2026-02-21 15:01:55.506,bitcoin
1771689674798,68624.35686959434,1371628531454.0684,33799830795.534966,2026-02-21 16:01:14.798,bitcoin
1771693392362,68302.62450497187,1365618055175.1528,31444013702.98947,2026-02-21 17:03:12.362,bitcoin
1771696944648,68404.98992152564,1367751849645.189,25937828307.78672,2026-02-21 18:02:24.648,bitcoin
1771700623634,68560.684656393,1370969527644.6187,24011096965.29721,2026-02-21 19:03:43.634,bitcoin
1771704234370,68519.98114654892,1369992769405.5837,22704659116.287823,2026-02-21 20:03:54.370,bitcoin
1771707796046,68284.76941071317,1365910955488.6333,22461786261.46867,2026-02-21 21:03:16.046,bitcoin
1771711361418,68352.67780821405,1366338261469.5854,21662021984.115166,2026-02-21 22:02:41.418,bitcoin
1771715005336,67951.15591282771,1359902058280.7515,20982782461.535824,2026-02-21 23:03:25.336,bitcoin
1771718528172,67978.79019389286,1359318031083.638,20631874041.429424,2026-02-22 00:02:08.172,bitcoin
1771722031466,67894.39819865709,1356675887766.6492,20342120422.571453,2026-02-22 01:00:31.466,bitcoin
1771725727786,68113.19039347471,1361779318746.2253,20342032221.16472,2026-02-22 02:02:07.786,bitcoin
1771729346272,67883.45039283701,1357388781064.4143,20207100163.928967,2026-02-22 03:02:26.272,bitcoin
1771732924682,68008.42174669018,1359353579890.3096,20046904933.014023,2026-02-22 04:02:04.682,bitcoin
1771736570149,67960.92293554958,1358990210193.2058,19901876754.82649,2026-02-22 05:02:50.149,bitcoin
1771740189438,67946.0233073144,1357362901055.4727,19856016731.85711,2026-02-22 06:03:09.438,bitcoin
1771743741131,68026.51169714678,1360120902890.2598,19902331872.46914,2026-02-22 07:02:21.131,bitcoin
1771747419719,67985.83510142777,1359312627157.7244,19948265808.547012,2026-02-22 08:03:39.719,bitcoin
1771750922518,67950.31445098891,1358532235449.9695,19701161473.899517,2026-02-22 09:02:02.518,bitcoin
1771754555532,68039.3698178956,1360475409500.372,19087643710.936626,2026-02-22 10:02:35.532,bitcoin
1771758128739,68119.230120068,1361904700311.2305,18324481608.91408,2026-02-22 11:02:08.739,bitcoin
1771761793668,68194.59339383944,1363047990411.1575,18605105808.47107,2026-02-22 12:03:13.668,bitcoin
1771765360756,67931.58019160847,1358212893333.8643,18738974940.73697,2026-02-22 13:02:40.756,bitcoin
1771768949467,67631.9324739407,1351650316055.4404,19518219247.22259,2026-02-22 14:02:29.467,bitcoin
1771772561726,67417.69362212557,1348133993080.4417,19518102712.770893,2026-02-22 15:02:41.726,bitcoin
1771776171675,67664.896296285,1353523445098.5107,20158620602.1457,2026-02-22 16:02:51.675,bitcoin
1771779728771,67607.70037223128,1351621055107.986,19344845908.13082,2026-02-22 17:02:08.771,bitcoin
1771783354862,67338.17491674826,1346661447915.1086,20087401704.98275,2026-02-22 18:02:34.862,bitcoin
1771786946046,67408.00208323984,1347967576300.9734,20015558278.764023,2026-02-22 19:02:26.046,bitcoin
1771790582538,67401.27120317247,1347714519648.3796,19915329680.06553,2026-02-22 20:03:02.538,bitcoin
1771794180332,67368.4929540634,1346924215144.3293,19917017997.154083,2026-02-22 21:03:00.332,bitcoin
1771797753305,67584.46138307691,1351278601750.3518,19942744332.965183,2026-02-22 22:02:33.305,bitcoin
1771801360889,67654.03558297858,1352826313832.675,19936754579.791443,2026-02-22 23:02:40.889,bitcoin
1771804813999,67585.11718938159,1350654423261.9365,20354767532.065258,2026-02-23 00:00:13.999,bitcoin
1771808545581,66754.4877270225,1337278002482.304,21159311987.17305,2026-02-23 01:02:25.581,bitcoin
1771812202673,64435.12705551635,1291690093530.225,29019798321.04708,2026-02-23 02:03:22.673,bitcoin
1771815789168,64758.93071258205,1293886396163.8896,31426989900.709023,2026-02-23 03:03:09.168,bitcoin
1771819338792,64939.82443268619,1299023323430.6187,32828730074.40712,2026-02-23 04:02:18.792,bitcoin
1771822978408,64795.05744679692,1295410401551.0022,32953310863.566624,2026-02-23 05:02:58.408,bitcoin
1771826555984,65040.40875534817,1300381510025.5283,35325958286.85151,2026-02-23 06:02:35.984,bitcoin
1771830236446,65752.54244262996,1314383359700.7559,37112833234.72539,2026-02-23 07:03:56.446,bitcoin
1771833723814,65939.88775861052,1318323835887.4753,38001506340.91999,2026-02-23 08:02:03.814,bitcoin
1771837401335,65671.16025084569,1312226349118.9507,39642257475.89912,2026-02-23 09:03:21.335,bitcoin
1771840934214,66381.48055124872,1327550251837.5037,40889595097.56581,2026-02-23 10:02:14.214,bitcoin
1771844584905,66317.29222461591,1326714129946.994,42205214197.82933,2026-02-23 11:03:04.905,bitcoin
1771848130689,66183.35606348574,1323305582287.6963,42600220350.73043,2026-02-23 12:02:10.689,bitcoin
1771851744548,66275.63595867298,1325083703506.035,43708321530.572754,2026-02-23 13:02:24.548,bitcoin
1771855330812,66136.6157746477,1323003168261.6162,43017853948.37629,2026-02-23 14:02:10.812,bitcoin
1771858955665,65914.2830987351,1318675653021.3096,44474369398.54379,2026-02-23 15:02:35.665,bitcoin
1771862602390,65646.15558685549,1313147039761.5947,45284261554.99733,2026-02-23 16:03:22.390,bitcoin
1771866236043,65381.72366003015,1306401373409.0474,46223410748.32667,2026-02-23 17:03:56.043,bitcoin
1771869776115,64750.319959430264,1291029482012.8193,49586317905.761894,2026-02-23 18:02:56.115,bitcoin
1771873401655,64632.91383942887,1292792991149.259,50992902000.7911,2026-02-23 19:03:21.655,bitcoin
1771876883445,64312.31488359545,1285679482940.8774,53178007539.10205,2026-02-23 20:01:23.445,bitcoin
1771880604441,64473.326092497344,1288245445294.6445,54953030026.37282,2026-02-23 21:03:24.441,bitcoin
1771884188425,64570.139420745654,1290965401651.9065,55416584953.20741,2026-02-23 22:03:08.425,bitcoin
1771887757277,64719.44720467718,1293777292146.37,56783137049.60788,2026-02-23 23:02:37.277,bitcoin
1771891378046,64645.635433153606,1291834932904.816,56590235309.37244,2026-02-24 00:02:58.046,bitcoin
1771894815226,64941.5287413215,1298669303598.0876,56509415294.55552,2026-02-24 01:00:15.226,bitcoin
1771898591867,64135.616801814576,1282499906318.5054,50423393016.444534,2026-02-24 02:03:11.867,bitcoin
1771902171785,64066.17992962856,1281749902847.2927,49033982998.60984,2026-02-24 03:02:51.785,bitcoin
1771905753196,63559.99285358071,1270629895089.6394,48402139396.38128,2026-02-24 04:02:33.196,bitcoin
1771909412574,63327.54954418396,1265092203849.1108,49711847988.30859,2026-02-24 05:03:32.574,bitcoin
1771912956035,63069.34251318558,1260983860794.3372,50335902079.086914,2026-02-24 06:02:36.035,bitcoin
1771916527208,63048.93669447095,1260286807783.3132,49537065510.528465,2026-02-24 07:02:07.208,bitcoin
1771920143672,63149.620867737,1262096777928.23,49612743756.97079,2026-02-24 08:02:23.672,bitcoin
1771923798129,63379.60392637089,1267300865721.4446,49458141990.71994,2026-02-24 09:03:18.129,bitcoin
1771927253541,63219.563714987955,1264005144805.7861,48863661457.36982,2026-02-24 10:00:53.541,bitcoin
1771930995131,63276.255707804885,1265333041975.2014,48697114649.64372,2026-02-24 11:03:15.131,bitcoin
1771934614966,63207.59348187299,1263314983347.0112,48631706088.42385,2026-02-24 12:03:34.966,bitcoin
1771938134798,62972.76745130099,1259933643237.8523,48118298809.36323,2026-02-24 13:02:14.798,bitcoin
1771941766857,62905.750100773046,1258461939875.3257,49784514976.08623,2026-02-24 14:02:46.857,bitcoin
1771945350514,63446.927824582344,1269609845602.5603,48979528901.92325,2026-02-24 15:02:30.514,bitcoin
1771948919734,63963.04834579783,1278612765498.954,46899173478.45022,2026-02-24 16:01:59.734,bitcoin
1771952621260,64253.8473670592,1283791353952.8894,49195946161.08462,2026-02-24 17:03:41.260,bitcoin
1771956151983,64215.262528875006,1283967611640.2993,49496112337.677704,2026-02-24 18:02:31.983,bitcoin
1771959730148,64426.94609155057,1287655876933.8525,48762593216.62141,2026-02-24 19:02:10.148,bitcoin
1771963326332,64443.4962359175,1288533973188.2214,47421338700.682274,2026-02-24 20:02:06.332,bitcoin
1771967009711,64455.44615715053,1288530539629.4995,45476605640.17292,2026-02-24 21:03:29.711,bitcoin
1771970574209,64045.70828857544,1280945575751.425,45933533355.11021,2026-02-24 22:02:54.209,bitcoin
1771974162249,64113.9657402143,1281808870495.7986,44949577977.15621,2026-02-24 23:02:42.249,bitcoin
1771977613956,64074.11098528222,1281148417170.2803,44864477921.16241,2026-02-25 00:00:13.956,bitcoin
1771981299044,64233.58561002521,1285355213214.2947,44952908832.65316,2026-02-25 01:01:39.044,bitcoin
1771985025182,65942.41944954704,1317703847787.1406,45994833583.10596,2026-02-25 02:03:45.182,bitcoin
1771988626366,65893.8901244172,1317766163622.79,46605674287.89613,2026-02-25 03:03:46.366,bitcoin
1771992168874,65390.04483381127,1307733128867.035,45616141756.45592,2026-02-25 04:02:48.874,bitcoin
1771995706902,65448.36336319303,1308522186387.2124,44224550630.11241,2026-02-25 05:01:46.902,bitcoin
1771999329130,64880.50598865606,1297817806882.7683,44307872659.55011,2026-02-25 06:02:09.130,bitcoin
1772002931206,64881.88467477487,1297273316831.1638,43433451520.452194,2026-02-25 07:02:11.206,bitcoin
1772006498149,65017.3242472759,1299942735502.1663,43315989553.43281,2026-02-25 08:01:38.149,bitcoin
1772010155156,65506.82624135998,1309819829376.3438,43732146767.066444,2026-02-25 09:02:35.156,bitcoin
1772013755632,65544.01337155416,1310512172251.9885,43608362842.18067,2026-02-25 10:02:35.632,bitcoin
1772017361481,65383.60659238269,1307058069756.4556,43530434148.27108,2026-02-25 11:02:41.481,bitcoin
1772020989893,65410.95710978954,1307561177810.5361,43774005774.66901,2026-02-25 12:03:09.893,bitcoin
1772024590986,66060.99245398513,1320733152104.184,43141456226.369,2026-02-25 13:03:10.986,bitcoin
1772028127699,66244.50816119192,1324534368235.5845,43051858638.00103,2026-02-25 14:02:07.699,bitcoin
1772031781279,66951.8483170153,1335554067873.9258,43949318220.29059,2026-02-25 15:03:01.279,bitcoin
1772035377383,67415.14686028346,1347936355858.5,45849933070.95288,2026-02-25 16:02:57.383,bitcoin
1772038981064,68273.92644509776,1362772342516.5217,45979990804.312416,2026-02-25 17:03:01.064,bitcoin
1772042488020,68650.00332182567,1372323024934.7314,49717436598.151184,2026-02-25 18:01:28.020,bitcoin
1772046226810,69340.35897252934,1386966829735.9797,51707428044.296005,2026-02-25 19:03:46.810,bitcoin
1772049774362,69050.96317272843,1380812528698.4104,53159870295.96654,2026-02-25 20:02:54.362,bitcoin
1772053365840,69161.64065289382,1384455640403.8745,54732368917.17918,2026-02-25 21:02:45.840,bitcoin
1772057025345,68978.70175168476,1378793532470.1826,52960228064.88911,2026-02-25 22:03:45.345,bitcoin
1772060582721,68441.72145291104,1365395903186.1162,53953922501.4647,2026-02-25 23:03:02.721,bitcoin
1772064202991,67954.59317212048,1359103150470.3638,54802923569.39968,2026-02-26 00:03:22.991,bitcoin
1772067676297,68350.69340538714,1366572435899.1438,56102641944.9719,2026-02-26 01:01:16.297,bitcoin
1772071378977,68260.21173008643,1365374207210.6855,53192407837.68394,2026-02-26 02:02:58.977,bitcoin
1772074972735,68268.5928309609,1365043361353.203,52738206059.99862,2026-02-26 03:02:52.735,bitcoin
1772078556365,68208.52535054173,1363728560920.7686,51840293421.41333,2026-02-26 04:02:36.365,bitcoin
1772082024028,68588.06560827991,1372262650114.3735,52489772359.13811,2026-02-26 05:00:24.028,bitcoin
1772085747972,68433.73102263549,1368023123731.9646,52174971935.49865,2026-02-26 06:02:27.972,bitcoin
1772089370879,68178.6307566451,1363282768691.961,54769544599.82213,2026-02-26 07:02:50.879,bitcoin
1772092945249,67849.39051310069,1357122289506.4592,55372348232.48862,2026-02-26 08:02:25.249,bitcoin
1772096582267,67957.27845983938,1359106148113.2385,58535120046.575516,2026-02-26 09:03:02.267,bitcoin
1772100191397,68571.59879322391,1371061400997.8804,59345453557.23853,2026-02-26 10:03:11.397,bitcoin
1772103721784,68299.30055745928,1365700571204.286,60068013963.370865,2026-02-26 11:02:01.784,bitcoin
1772107219411,68033.5795724743,1359992117253.7485,59927379715.68585,2026-02-26 12:00:19.411,bitcoin
1772110956758,68170.72135753337,1362965513546.5222,59106793690.75761,2026-02-26 13:02:36.758,bitcoin
1772114456908,67911.73073937466,1358458364925.2793,57617092809.35103,2026-02-26 14:00:56.908,bitcoin
1772118156508,67688.04676583402,1353004101312.853,55260734857.5504,2026-02-26 15:02:36.508,bitcoin
1772121769547,67386.85704262121,1346100725646.285,57228241546.572975,2026-02-26 16:02:49.547,bitcoin
1772125397215,66641.5855103991,1333199659566.592,56002762702.92477,2026-02-26 17:03:17.215,bitcoin
1772128987311,66832.31646241288,1335266997186.8374,53661810773.22593,2026-02-26 18:03:07.311,bitcoin
1772132549890,67323.78812321286,1345267540081.1328,52447134366.19831,2026-02-26 19:02:29.890,bitcoin
1772136187535,67584.87840019423,1352169321613.7668,51883171798.46973,2026-02-26 20:03:07.535,bitcoin
1772139767888,67383.36102620805,1346903427434.044,51025079451.12691,2026-02-26 21:02:47.888,bitcoin
1772143336975,67448.46646231266,1349401125691.136,48598892992.185776,2026-02-26 22:02:16.975,bitcoin
1772146983518,67559.77818097749,1350758050571.613,47077305655.43896,2026-02-26 23:03:03.518,bitcoin
1772150453072,67461.32949507894,1348829240636.7913,45335111330.49655,2026-02-27 00:00:53.072,bitcoin
1772154250117,67222.78947317986,1344183625784.7778,44299769917.946335,2026-02-27 01:04:10.117,bitcoin
1772157800001,67347.6530265583,1346283196562.8481,44699139281.55112,2026-02-27 02:03:20.001,bitcoin
1772161264048,67330.59246292546,1346293830354.8843,44135913616.04082,2026-02-27 03:01:04.048,bitcoin
1772164997716,67617.93798877213,1352946151021.41,44350681029.99862,2026-02-27 04:03:17.716,bitcoin
1772168559543,67736.13847728852,1355085449033.2722,44751513709.98922,2026-02-27 05:02:39.543,bitcoin
1772172214069,67721.51397522389,1353887624733.9363,44511259982.15302,2026-02-27 06:03:34.069,bitcoin
1772175780908,67664.12864244104,1352985139839.6895,43536060703.74671,2026-02-27 07:03:00.908,bitcoin
1772179403778,67693.93539996963,1353793212305.303,44696131453.17144,2026-02-27 08:03:23.778,bitcoin
1772183011409,67938.63876392743,1359257781653.016,44011373648.87509,2026-02-27 09:03:31.409,bitcoin
1772186628337,67368.86769274919,1348035386710.3132,44413878286.994545,2026-02-27 10:03:48.337,bitcoin
1772190049932,66633.33440506212,1332262979071.2756,45533128781.335495,2026-02-27 11:00:49.932,bitcoin
1772193724991,66137.85956271303,1322398917730.71,46709953273.38846,2026-02-27 12:02:04.991,bitcoin
1772197398856,65904.75945603063,1315985772727.381,48034988639.95979,2026-02-27 13:03:18.856,bitcoin
1772201017476,66256.92068837801,1324462913050.6785,48699148079.20504,2026-02-27 14:03:37.476,bitcoin
1772204635943,66063.82922104784,1317306250731.0413,48021136376.05692,2026-02-27 15:03:55.943,bitcoin
1772208067904,66113.3331187787,1322888526232.7058,46472683328.31975,2026-02-27 16:01:07.904,bitcoin
1772211875419,65521.390728947146,1311185909815.4263,44691274263.98268,2026-02-27 17:04:35.419,bitcoin
1772215378562,65695.35026055097,1312456359285.4844,45165581292.28983,2026-02-27 18:02:58.562,bitcoin
1772218937533,65299.540025783645,1305434059274.4456,44100852170.698364,2026-02-27 19:02:17.533,bitcoin
1772222575766,65405.874047720536,1308457725908.6863,43231649148.33121,2026-02-27 20:02:55.766,bitcoin
1772226211780,65588.53418897989,1311486751015.0938,42738275277.47259,2026-02-27 21:03:31.780,bitcoin
1772229712876,65517.64534439725,1309150736408.4375,41872963606.93264,2026-02-27 22:01:52.876,bitcoin
1772233243964,65612.79609265388,1311735886262.6606,43659123869.22615,2026-02-27 23:00:43.964,bitcoin
1772236984104,65878.83934363318,1317139855942.8918,43001213638.463875,2026-02-28 00:03:04.104,bitcoin
1772240612868,65941.42538516161,1318892147618.567,42693449745.65478,2026-02-28 01:03:32.868,bitcoin
1772244165866,65808.00055297046,1315960048642.8225,41653349540.558464,2026-02-28 02:02:45.866,bitcoin
1772247794211,65966.53423583704,1319303277781.8608,40996334609.03691,2026-02-28 03:03:14.211,bitcoin
1772251399760,65788.14613409038,1315728166425.8481,39694070330.51504,2026-02-28 04:03:19.760,bitcoin
1772254982782,65662.79439577536,1313495383552.461,39096454563.78812,2026-02-28 05:03:02.782,bitcoin
1772258463629,65537.09867487189,1310152140777.494,38861552054.38924,2026-02-28 06:01:03.629,bitcoin
1772262022635,63176.9334493685,1263563403466.215,42531954157.750916,2026-02-28 07:00:22.635,bitcoin
1772265775584,63810.10687487467,1277473890784.3618,45060799340.15097,2026-02-28 08:02:55.584,bitcoin
1772269429539,63476.500126458806,1268969429344.6238,45714895870.30661,2026-02-28 09:03:49.539,bitcoin
1772272962145,63657.71534599248,1273416089601.3127,44690422062.59986,2026-02-28 10:02:42.145,bitcoin
1772276599574,64006.60748905268,1279085179029.3586,44202313996.688545,2026-02-28 11:03:19.574,bitcoin
1772280126101,63861.75707587122,1277134233085.8496,44881461865.97099,2026-02-28 12:02:06.101,bitcoin
1772283751240,64003.684479422045,1279869776896.3762,42528492697.798676,2026-02-28 13:02:31.240,bitcoin
1772287385069,65140.35713333176,1295850314943.555,43846149531.726006,2026-02-28 14:03:05.069,bitcoin
1772290964040,64469.59172637236,1287750639090.1748,43670128475.40442,2026-02-28 15:02:44.040,bitcoin
1772294552582,64855.35275953073,1296750620789.464,40798178834.74824,2026-02-28 16:02:32.582,bitcoin
1772298157785,65106.72687684266,1302156298162.9006,41963989697.99948,2026-02-28 17:02:37.785,bitcoin
1772301829262,65397.729790718826,1306998809989.3413,41524049341.08601,2026-02-28 18:03:49.262,bitcoin
1772305372916,65917.05026344638,1318288092454.862,41776079478.62251,2026-02-28 19:02:52.916,bitcoin
1772308950300,66356.50280967761,1327013141943.43,42620940815.88355,2026-02-28 20:02:30.300,bitcoin
1772312558306,66944.88811985626,1338068372364.2705,43813945129.45387,2026-02-28 21:02:38.306,bitcoin
1772316105360,66745.27274458484,1332145618701.409,38717674416.20001,2026-02-28 22:01:45.360,bitcoin
1772319734866,67185.74551060123,1343466463921.636,46108657886.14877,2026-02-28 23:02:14.866,bitcoin
1772323262109,66995.18581485235,1339637101703.1343,46265946359.8567,2026-03-01 00:01:02.109,bitcoin
1772326964572,66809.96994970969,1336364052252.4163,46574520236.938324,2026-03-01 01:02:44.572,bitcoin
1772330466920,67268.51512364895,1344824772838.2825,48796310018.47878,2026-03-01 02:01:06.920,bitcoin
1772334006114,67767.30557255891,1355440746090.9802,51769198342.467476,2026-03-01 03:00:06.114,bitcoin
1772337773315,67526.95508425993,1350165648232.0535,52613823909.90498,2026-03-01 04:02:53.315,bitcoin
1772341391535,67350.74233063264,1346007088762.679,52903381254.283806,2026-03-01 05:03:11.535,bitcoin
1772345016389,67320.54484543877,1346092737152.933,53162142044.05577,2026-03-01 06:03:36.389,bitcoin
1772348589751,66933.9095543311,1338709692985.0193,50085058427.82026,2026-03-01 07:03:09.751,bitcoin
1772352159784,67136.87810167827,1342363306764.2188,47647809987.8377,2026-03-01 08:02:39.784,bitcoin
1772355779808,66557.00472800883,1330324290282.1003,47225469266.07377,2026-03-01 09:02:59.808,bitcoin
1772359437243,66428.74891325405,1327970746780.9424,47332922114.86471,2026-03-01 10:03:57.243,bitcoin
1772362959590,66467.91523335855,1329046893173.2278,45980675972.17282,2026-03-01 11:02:39.590,bitcoin
1772366634113,66464.75764364624,1329144396275.7534,44506777972.338844,2026-03-01 12:03:54.113,bitcoin
1772370185193,66321.46414426001,1326436843922.6475,44213013271.433266,2026-03-01 13:03:05.193,bitcoin
1772373622380,66978.00715223578,1340338131418.8743,43894783009.67525,2026-03-01 14:00:22.380,bitcoin
1772377387065,66862.50633139131,1336506608572.5745,42831938477.12933,2026-03-01 15:03:07.065,bitcoin
1772380987684,66912.03130812026,1338870977707.7097,43062104466.63216,2026-03-01 16:03:07.684,bitcoin
1772384650532,66114.20988441783,1322853161443.5168,44007042991.00965,2026-03-01 17:04:10.532,bitcoin
1772388147294,66026.83967860283,1320681531470.6042,44486823312.84565,2026-03-01 18:02:27.294,bitcoin
1772391844817,66317.29508274388,1325752570638.0554,43745802863.18146,2026-03-01 19:04:04.817,bitcoin
1772395229771,65958.59984228645,1318164350047.232,42839200198.09471,2026-03-01 20:00:29.771,bitcoin
1772398962601,65315.30937987745,1305968335329.665,42983795779.61785,2026-03-01 21:02:42.601,bitcoin
1772402588164,65704.60538102922,1313784271477.1504,42541308148.15233,2026-03-01 22:03:08.164,bitcoin
1772406187390,65226.85539035725,1305176855344.7136,43416566932.480865,2026-03-01 23:03:07.390,bitcoin
1772409776203,65736.20402056671,1313667755763.1729,44355182226.475876,2026-03-02 00:02:56.203,bitcoin
1772413346429,66524.74636770034,1330719433740.2686,45012899973.0089,2026-03-02 01:02:26.429,bitcoin
1772416948670,66537.9695482037,1331861186785.3508,43993453329.731674,2026-03-02 02:02:28.670,bitcoin
1772420533716,66291.94530434308,1325925634029.8914,42095116293.440796,2026-03-02 03:02:13.716,bitcoin
1772424040985,66827.45258916239,1336309270886.8855,41951068245.09013,2026-03-02 04:00:40.985,bitcoin
1772427686540,66794.89827984174,1334758158229.17,42396774834.23831,2026-03-02 05:01:26.540,bitcoin
1772431294853,66737.66943353935,1335979424246.9443,42906458092.20324,2026-03-02 06:01:34.853,bitcoin
1772434897239,66204.54871028582,1324043913188.288,41775344159.63756,2026-03-02 07:01:37.239,bitcoin
1772438496706,65967.07249157794,1318684773945.5352,42388608656.60793,2026-03-02 08:01:36.706,bitcoin
1772442091166,66248.42954464993,1324454704049.3218,42784357536.11491,2026-03-02 09:01:31.166,bitcoin
1772445764134,66178.75506689884,1325585959610.5168,43717790443.45692,2026-03-02 10:02:44.134,bitcoin
1772449349321,66264.51566776684,1323496203378.2742,43995425960.27426,2026-03-02 11:02:29.321,bitcoin
1772452966025,66338.31805946841,1325857080343.1853,45075781806.59191,2026-03-02 12:02:46.025,bitcoin
1772456549144,65950.51931767022,1318851334454.1538,45188904422.249405,2026-03-02 13:02:29.144,bitcoin
1772460216960,65415.50558372273,1307742070623.4636,46020887832.268654,2026-03-02 14:03:36.960,bitcoin
1772463688544,67038.38245351319,1339482350179.6492,49615721106.73788,2026-03-02 15:01:28.544,bitcoin
1772467390506,69099.85502941068,1379921919457.486,56519908792.31713,2026-03-02 16:03:10.506,bitcoin
1772470970866,69481.99623180542,1391890323755.944,59880323541.28283,2026-03-02 17:02:50.866,bitcoin
1772474575800,69165.18178595224,1382262279545.006,61158409700.892365,2026-03-02 18:02:55.800,bitcoin
1772478168554,68907.87703621876,1378593781633.5645,61424892194.0178,2026-03-02 19:02:48.554,bitcoin
1772481794977,68957.55414612222,1378821960499.0261,62476299265.60714,2026-03-02 20:03:14.977,bitcoin
1772485276347,69250.0451801749,1386534763870.3994,63191550506.19817,2026-03-02 21:01:16.347,bitcoin
1772488998819,69429.26854903967,1388297488985.8594,62371112347.61886,2026-03-02 22:03:18.819,bitcoin
1772492577445,69388.34462523523,1386036265792.5547,62054765318.03445,2026-03-02 23:02:57.445,bitcoin
1772496223766,68810.6953580863,1376256344367.8477,60902030477.86444,2026-03-03 00:03:43.766,bitcoin
1772499638335,69026.20614885502,1378755165663.508,61028291660.25917,2026-03-03 01:00:38.335,bitcoin
1772503043895,68905.30304363774,1378190562838.6904,60128119903.79118,2026-03-03 01:57:23.895,bitcoin
1772503402291,68751.354331694,1377059886260.7192,60064096933.86429,2026-03-03 02:03:22.291,bitcoin
1772507036576,68502.2658947368,1369577201368.9023,59839601185.762665,2026-03-03 03:03:56.576,bitcoin
1772510558495,68360.79201429478,1366285646391.513,58824268468.9005,2026-03-03 04:02:38.495,bitcoin
1772514206271,68110.95595161099,1361954757351.321,58026575211.85775,2026-03-03 05:03:26.271,bitcoin
1772517821354,67942.93121337554,1356998152572.0212,59596140186.68527,2026-03-03 06:03:41.354,bitcoin
1772521446470,68090.58164261925,1360822466642.2104,59528257261.81894,2026-03-03 07:04:06.470,bitcoin
1772524992873,68158.41668182716,1363038464182.1038,58785776970.95351,2026-03-03 08:03:12.873,bitcoin
1772528514077,66962.9759351667,1339443009503.779,60236047567.70059,2026-03-03 09:01:54.077,bitcoin
1772532035451,66628.76774881013,1332306178008.6472,57208260502.09982,2026-03-03 10:00:35.451,bitcoin
1772535760483,66813.10210457502,1336074665413.6829,61256624248.1504,2026-03-03 11:02:40.483,bitcoin
1772539340448,67060.443181455,1340491134329.1008,61466095068.667755,2026-03-03 12:02:20.448,bitcoin
1772542862948,67380.53545949051,1347458508201.2727,62439535725.83931,2026-03-03 13:01:02.948,bitcoin
1772546590266,66923.76833862432,1336808085607.8628,59902369736.97991,2026-03-03 14:03:10.266,bitcoin
1772550260073,66634.28532691768,1333345904202.9866,59307259453.774086,2026-03-03 15:04:20.073,bitcoin
1772553782014,67711.78024005752,1351266320470.457,55388568528.82948,2026-03-03 16:03:02.014,bitcoin
1772557392387,68206.87264014597,1366303824732.1257,54869049323.192184,2026-03-03 17:03:12.387,bitcoin
1772561031217,68345.77204796489,1365985142984.0813,54391147289.184135,2026-03-03 18:03:51.217,bitcoin
1772564492247,68657.7504233559,1373134039791.6343,54243761641.96325,2026-03-03 19:01:32.247,bitcoin
1772568169299,68457.60038285998,1369386850453.7493,53626005374.0149,2026-03-03 20:02:49.299,bitcoin
1772571721597,68217.05883112742,1363588843910.3105,53425468887.37877,2026-03-03 21:02:01.597,bitcoin
1772575321833,68053.55766464045,1361297927995.0522,53829077181.648315,2026-03-03 22:02:01.833,bitcoin
1772578849904,68265.41075809332,1365583386440.599,52926002593.67135,2026-03-03 23:00:49.904,bitcoin
1772582511226,68292.19284917977,1365603450844.784,52663524039.53645,2026-03-04 00:01:51.226,bitcoin
1772586151122,68157.54135634392,1362353215602.408,52915337391.83125,2026-03-04 01:02:31.122,bitcoin
1772589823748,68416.36564658284,1368984570932.0752,53650315902.06965,2026-03-04 02:03:43.748,bitcoin
1772593442502,68283.27501644935,1366319363401.28,53316226814.18467,2026-03-04 03:04:02.502,bitcoin
1772596996523,67727.15054899485,1354388406578.0784,54393675241.25114,2026-03-04 04:03:16.523,bitcoin
1772600691021,67767.31061729122,1355665753368.9873,54663920514.58156,2026-03-04 05:04:51.021,bitcoin
1772604225530,68205.12409046633,1363723473937.5154,54665481980.38391,2026-03-04 06:03:45.530,bitcoin
1772607698377,68494.15102477466,1369631696707.083,54299592387.73591,2026-03-04 07:01:38.377,bitcoin
1772611225756,69507.00835422047,1388105539294.8628,56670318646.551384,2026-03-04 08:00:25.756,bitcoin
1772614994080,70987.42747632721,1419133104801.1575,60418950561.43216,2026-03-04 09:03:14.080,bitcoin
1772618545601,71525.17442807773,1428696365599.674,63648896959.8121,2026-03-04 10:02:25.601,bitcoin
1772622200743,71312.3541297615,1425347165633.2542,65773919952.16514,2026-03-04 11:03:20.743,bitcoin
1772625783866,71124.69442080706,1422427901689.6338,65039002291.22613,2026-03-04 12:03:03.866,bitcoin
1772629414414,71322.64906346795,1426449299329.6956,66501988814.38913,2026-03-04 13:03:34.414,bitcoin
1772632987303,71474.09353883014,1429082890076.653,68425507737.34488,2026-03-04 14:03:07.303,bitcoin
1772636568236,71725.07230969743,1431737081651.0117,71510718715.91612,2026-03-04 15:02:48.236,bitcoin
1772640207370,73394.47648712086,1465297118021.4397,75016851558.50766,2026-03-04 16:03:27.370,bitcoin
1772643791451,73316.1912012174,1466156599672.7217,74917509293.55353,2026-03-04 17:03:11.451,bitcoin
1772647418238,73247.3770874455,1464787396230.7402,76294105172.85922,2026-03-04 18:03:38.238,bitcoin
1772650954050,73648.64917933119,1471484308299.537,77296692045.40402,2026-03-04 19:02:34.050,bitcoin
1772654628853,73669.77886917477,1473420669221.9736,78906701016.00945,2026-03-04 20:03:48.853,bitcoin
1772658176822,73161.480111882,1463456246543.1038,79279832040.98134,2026-03-04 21:02:56.822,bitcoin
1772661701420,73332.92473534899,1464532510885.2898,80362568310.66306,2026-03-04 22:01:41.420,bitcoin
1772665350406,72719.81406521072,1453245307608.6338,80499661520.76833,2026-03-04 23:02:30.406,bitcoin
1772668970776,72718.88789125846,1453189910756.0747,81319331497.78395,2026-03-05 00:02:50.776,bitcoin
1772672595128,72792.80519135129,1456660055350.5327,82215055971.96992,2026-03-05 01:03:15.128,bitcoin
1772676222155,72543.97464203274,1450132281787.84,81561690776.86404,2026-03-05 02:03:42.155,bitcoin
1772679803318,72477.59891992927,1448692383506.5417,81514384219.8438,2026-03-05 03:03:23.318,bitcoin
1772683377103,72504.38750029696,1449902182200.547,80463645271.77292,2026-03-05 04:02:57.103,bitcoin
1772687001334,72826.29275269817,1456351038778.6707,73831531765.06558,2026-03-05 05:03:21.334,bitcoin
1772690566932,72398.01904819139,1447969171231.6013,81250756795.09547,2026-03-05 06:02:46.932,bitcoin
1772694218904,72558.8073025577,1451068126732.4026,80563808640.82726,2026-03-05 07:03:38.904,bitcoin
1772697788793,72058.09213017001,1438752243373.5906,73873352615.71472,2026-03-05 08:03:08.793,bitcoin
1772701395081,72340.2322743391,1445926032459.0264,76447514454.36815,2026-03-05 09:03:15.081,bitcoin
1772704861620,72589.83515692299,1451521594054.8804,72435954649.67224,2026-03-05 10:01:01.620,bitcoin
1772708585213,73406.86988902156,1469502884685.6648,65966722066.26062,2026-03-05 11:03:05.213,bitcoin
1772712081114,72896.38098082828,1456677094996.4243,72430588137.06308,2026-03-05 12:01:21.114,bitcoin
1772715773102,72956.71174985172,1459054258939.9402,71203158190.63225,2026-03-05 13:02:53.102,bitcoin
1772719339994,72488.15920985509,1452367304350.6208,69979810014.22359,2026-03-05 14:02:19.994,bitcoin
1772722847594,72619.89526730274,1450512709944.5906,67391113330.879135,2026-03-05 15:00:47.594,bitcoin
1772726617692,71594.57304247013,1430478745337.636,64940045033.855484,2026-03-05 16:03:37.692,bitcoin
1772730013189,71267.70706478962,1425060864719.8853,63963756458.078384,2026-03-05 17:00:13.189,bitcoin
1772733741916,70744.21599700359,1415805522987.036,62016407431.512276,2026-03-05 18:02:21.916,bitcoin
1772737297798,70979.16536779414,1419329766717.5396,61062034182.35407,2026-03-05 19:01:37.798,bitcoin
1772740963839,70953.80913795276,1419168702785.5295,58041392532.83391,2026-03-05 20:02:43.839,bitcoin
1772744542176,71265.64088358545,1423755061957.5083,57780372546.337975,2026-03-05 21:02:22.176,bitcoin
1772748198734,71155.32063355974,1422588570932.3455,56866169530.67384,2026-03-05 22:03:18.734,bitcoin
1772751768552,71233.21871236167,1425894016855.4602,56020516200.965965,2026-03-05 23:02:48.552,bitcoin
1772755391412,70878.27262880845,1416986950298.3352,55163553569.1059,2026-03-06 00:03:11.412,bitcoin
1772758995585,70961.67314503502,1418784522458.945,54443094237.38194,2026-03-06 01:03:15.585,bitcoin
1772762601499,71238.28505185546,1424831198784.1404,53636909774.81016,2026-03-06 02:03:21.499,bitcoin
1772766120914,71240.53565521113,1424483869635.6963,54179193303.97884,2026-03-06 03:02:00.914,bitcoin
1772769756739,71066.03139446002,1420976993930.6843,53651609852.01827,2026-03-06 04:02:36.739,bitcoin
1772773358414,70599.99227022535,1410624912787.492,53765458711.8748,2026-03-06 05:02:38.414,bitcoin
1772776949854,70435.78630865278,1407958586549.773,49888765359.093155,2026-03-06 06:02:29.854,bitcoin
1772780540628,70622.50345483121,1412591286137.816,52491609427.16548,2026-03-06 07:02:20.628,bitcoin
1772784213307,71059.3355218869,1421781111930.7002,51942805146.325485,2026-03-06 08:03:33.307,bitcoin
1772787621860,70751.65437144341,1415268301073.47,50679742632.03379,2026-03-06 09:00:21.860,bitcoin
1772791339368,70561.77286389082,1411194520551.1958,49827165291.8521,2026-03-06 10:02:19.368,bitcoin
1772794981158,70527.98604211934,1411177573693.6917,48383240507.34949,2026-03-06 11:03:01.158,bitcoin
1772798604533,70196.22489571887,1404005619223.0225,46176988915.91278,2026-03-06 12:03:24.533,bitcoin
1772802181317,69955.86385344793,1399557233645.1301,47987801599.38774,2026-03-06 13:03:01.317,bitcoin
1772805613049,69913.66023265437,1397975409421.2808,48653897601.87729,2026-03-06 14:00:13.049,bitcoin
1772809386031,68403.27260608313,1366658827371.666,51262764184.10619,2026-03-06 15:03:06.031,bitcoin
1772812843558,68534.06273037645,1370750339997.1946,50291499623.73852,2026-03-06 16:00:43.558,bitcoin
1772816422379,68455.86235282138,1368929978948.8525,49025529841.83811,2026-03-06 17:00:22.379,bitcoin
1772820204796,67974.71278155119,1360068450686.5073,48852111836.68048,2026-03-06 18:03:24.796,bitcoin
1772823807812,68225.34836804391,1364305968510.6917,48655700989.80016,2026-03-06 19:03:27.812,bitcoin
1772827355786,68136.5508355917,1362546577850.762,46714136416.320305,2026-03-06 20:02:35.786,bitcoin
1772830925501,68122.78900063572,1362734720718.2717,47473968347.91966,2026-03-06 21:02:05.501,bitcoin
1772834621493,68298.31021327554,1365690792478.9922,46749390464.945435,2026-03-06 22:03:41.493,bitcoin
1772838058175,68413.33201551982,1368457463414.1768,46267096105.05762,2026-03-06 23:00:58.175,bitcoin
1772841795119,68133.41234390924,1362287070086.6758,45739709755.29972,2026-03-07 00:03:15.119,bitcoin
1772845331057,68314.63160306022,1366250365148.5576,45644313715.13281,2026-03-07 01:02:11.057,bitcoin
1772848987085,68275.39003217602,1365669204334.7166,44010699810.87318,2026-03-07 02:03:07.085,bitcoin
1772852592532,68341.33395711421,1366436901577.9756,43947243331.81014,2026-03-07 03:03:12.532,bitcoin
1772856190365,68117.04958832913,1362264768788.0933,42693606993.36596,2026-03-07 04:03:10.365,bitcoin
1772859784738,68069.33206683511,1361885299507.8171,42271768719.21488,2026-03-07 05:03:04.738,bitcoin
1772863378258,67996.84558525002,1360597746234.3506,41238457250.652435,2026-03-07 06:02:58.258,bitcoin
1772867015611,67691.48809641342,1354200920280.8774,41554176478.17246,2026-03-07 07:03:35.611,bitcoin
1772870575265,67834.614924263,1356529210037.2156,40746446135.76483,2026-03-07 08:02:55.265,bitcoin
1772874087612,67765.61835133213,1355259880809.4475,39923043843.52262,2026-03-07 09:01:27.612,bitcoin
1772877853243,67998.52815434017,1360198989163.2434,39910331505.31813,2026-03-07 10:04:13.243,bitcoin
1772881399819,67873.1587799662,1357571366085.964,39177891870.205795,2026-03-07 11:03:19.819,bitcoin
1772884874993,68013.71562200207,1360209699410.2004,38764455999.93262,2026-03-07 12:01:14.993,bitcoin
1772888556165,67991.10356990024,1359896013487.6548,36365252882.451416,2026-03-07 13:02:36.165,bitcoin
1772892228332,67916.10328917604,1358118184082.6084,33406272856.473927,2026-03-07 14:03:48.332,bitcoin
1772892330000,67842.37322384649,1356589160169.6438,33228391253.585365,2026-03-07 14:05:30.000,bitcoin
1770303773110,2045.5278964322904,248935658714.59296,50037267691.5531,2026-02-05 15:02:53.110,ethereum
1770307372391,1957.7994292609749,236507045749.95932,55250699734.534584,2026-02-05 16:02:52.391,ethereum
1770310886440,1994.463045387256,241957626373.54614,57482242540.47752,2026-02-05 17:01:26.440,ethereum
1770314587738,1952.3313009138308,235779297920.68314,55085315302.51591,2026-02-05 18:03:07.738,ethereum
1770318158238,1945.5396394903103,233250422200.3832,54382614263.77481,2026-02-05 19:02:38.238,ethereum
1770321786534,1924.465923219813,232123872342.28644,53623225308.19818,2026-02-05 20:03:06.534,ethereum
1770325432434,1875.0043689596391,225110629373.40875,58494822070.70815,2026-02-05 21:03:52.434,ethereum
1770328993557,1848.5958633332302,223113518832.46667,60735569614.01331,2026-02-05 22:03:13.557,ethereum
1770332412186,1875.3426340658875,225377104079.48572,54775440077.753395,2026-02-05 23:00:12.186,ethereum
1770336185875,1824.773906498064,220229527631.41275,63099258611.16311,2026-02-06 00:03:05.875,ethereum
1770339744213,1870.3855528620331,225929009265.6415,70020470605.11545,2026-02-06 01:02:24.213,ethereum
1770343352238,1928.1573985386444,232570073946.59836,72788644323.8355,2026-02-06 02:02:32.238,ethereum
1770346841970,1902.5596913626794,229704188579.78326,71060324507.24115,2026-02-06 03:00:41.970,ethereum
1770350594443,1888.9796356103732,227947673293.02664,64014954546.21891,2026-02-06 04:03:14.443,ethereum
1770354173428,1906.7008783237143,230090591052.9314,69963407227.44086,2026-02-06 05:02:53.428,ethereum
1770357793701,1957.2174767552206,236225879333.5518,71221955396.06339,2026-02-06 06:03:13.701,ethereum
1770361403356,1903.2165665528805,230966874290.32758,71873473013.64635,2026-02-06 07:03:23.356,ethereum
1770365007805,1896.8862099046357,228890859482.3182,71621652609.22314,2026-02-06 08:03:27.805,ethereum
1770368547372,1872.3172784541543,225823179163.23303,67424077045.800934,2026-02-06 09:02:27.372,ethereum
1770372060604,1917.3944159070152,231530085501.83292,71236130489.57968,2026-02-06 10:01:00.604,ethereum
1770375791308,1923.4913201354343,232212898022.7134,73586440520.02036,2026-02-06 11:03:11.308,ethereum
1770379414410,1927.8184949694894,232725929120.71378,75426117715.1505,2026-02-06 12:03:34.410,ethereum
1770383012640,1919.7667255898707,231764050182.69843,74529434329.35329,2026-02-06 13:03:32.640,ethereum
1770386579521,1947.8801921113677,235676530947.75507,75660954203.45706,2026-02-06 14:02:59.521,ethereum
1770390187808,1975.7720284249888,238017347085.0294,75739191979.72566,2026-02-06 15:03:07.808,ethereum
1770393816944,1978.4435340999412,238934754384.72726,72825033138.79196,2026-02-06 16:03:36.944,ethereum
1770397391343,2034.3199052782174,245945840076.92218,73952979258.42458,2026-02-06 17:03:11.343,ethereum
1770400950702,2067.001807868991,249334126710.2516,75573073001.8018,2026-02-06 18:02:30.702,ethereum
1770404532661,2043.3559954109116,246618020738.22217,72351420507.95729,2026-02-06 19:02:12.661,ethereum
1770408159544,2063.518497390789,248977147718.42862,73097911033.06114,2026-02-06 20:02:39.544,ethereum
1770411791162,2053.821557103224,248011219958.90375,68710334662.76466,2026-02-06 21:03:11.162,ethereum
1770415413057,2051.8731337468807,247750520941.35876,66295716388.01743,2026-02-06 22:03:33.057,ethereum
1770418941606,2072.3060362974265,250112664953.6645,65975302833.62144,2026-02-06 23:02:21.606,ethereum
1770422583924,2061.7485952387806,248968150162.66037,58825671577.00777,2026-02-07 00:03:03.924,ethereum
1770426182151,2041.9743478882322,246432566378.8646,56620959967.34494,2026-02-07 01:03:02.151,ethereum
1770429745118,2063.329143550518,248790003972.83542,55975048922.16876,2026-02-07 02:02:25.118,ethereum
1770433384045,2058.077727083915,248008825864.56863,54886508408.46938,2026-02-07 03:03:04.045,ethereum
1770436856250,2079.4444247045794,250959184137.08514,54574173855.07081,2026-02-07 04:00:56.250,ethereum
1770440617248,2086.1153993965468,251781314294.67023,55147910051.84699,2026-02-07 05:03:37.248,ethereum
1770444244000,2081.777392331936,250946226537.4598,53847279094.34278,2026-02-07 06:04:04.000,ethereum
1770447792506,2050.0270608427563,247923865298.84695,51458119384.12043,2026-02-07 07:03:12.506,ethereum
1770451422762,2025.5521933330022,244639222804.5057,51761984135.31453,2026-02-07 08:03:42.762,ethereum
1770454950721,2021.4902542664784,244085272369.20685,45309166963.65534,2026-02-07 09:02:30.721,ethereum
1770458423720,2011.3545274401415,242729448363.1022,48714918097.74546,2026-02-07 10:00:23.720,ethereum
1770462071979,2009.9239330673195,242414490985.11578,46578621963.71718,2026-02-07 11:01:11.979,ethereum
1770465790104,2016.5840704057493,243019000611.04034,46808993209.55792,2026-02-07 12:03:10.104,ethereum
1770469355273,2040.7458271467165,246252056081.6982,46648814867.81909,2026-02-07 13:02:35.273,ethereum
1770472979621,2037.2880611523033,245700944782.85556,45934087523.44133,2026-02-07 14:02:59.621,ethereum
1770476598580,2017.4741652432456,243400334409.8469,41816518514.177246,2026-02-07 15:03:18.580,ethereum
1770480237235,2050.791690758024,247603891555.2445,39994612109.22395,2026-02-07 16:03:57.235,ethereum
1770483819774,2049.7537433137522,247315840153.9317,49170186529.54179,2026-02-07 17:03:39.774,ethereum
1770487451824,2060.412924447605,248668499059.7762,46891773939.36425,2026-02-07 18:04:11.824,ethereum
1770491006084,2095.087702966738,252877777536.1981,44796569527.76348,2026-02-07 19:03:26.084,ethereum
1770494609307,2089.2859571253816,252122868040.76617,44763987389.21734,2026-02-07 20:03:29.307,ethereum
1770498189917,2104.0021549895737,253629104386.7431,43596428674.32468,2026-02-07 21:03:09.917,ethereum
1770501733895,2099.1670855088196,253408771557.59247,44195545216.01789,2026-02-07 22:02:13.895,ethereum
1770505398851,2089.498384092561,252375653331.88403,41589315131.24043,2026-02-07 23:03:18.851,ethereum
1770509031822,2089.385318724293,252270212453.90985,38006193393.9421,2026-02-08 00:03:51.822,ethereum
1770512662230,2080.926446981957,250999466125.1719,39430744449.67773,2026-02-08 01:04:22.230,ethereum
1770516231129,2094.5178558281395,252665559034.29575,39605178471.050674,2026-02-08 02:03:51.129,ethereum
1770519842579,2086.2259034143717,251588368689.22464,38717338573.29878,2026-02-08 03:04:02.579,ethereum
1770523402826,2077.8698166676986,250980485937.40515,38238386449.779755,2026-02-08 04:03:22.826,ethereum
1770527001369,2082.236272565421,251258942760.83707,36978063109.03618,2026-02-08 05:03:21.369,ethereum
1770530455529,2083.163843634432,251430616457.08673,35565945643.70925,2026-02-08 06:00:55.529,ethereum
1770534237887,2078.1206157912675,250823643691.6782,35355899142.50755,2026-02-08 07:03:57.887,ethereum
1770537872483,2082.3657317158454,251321607957.7732,33695753708.40467,2026-02-08 08:04:32.483,ethereum
1770541455165,2114.2704121300208,255231015589.1736,34199804804.71449,2026-02-08 09:04:15.165,ethereum
1770545011742,2100.5285229075203,253518305208.59366,33604524323.100716,2026-02-08 10:03:31.742,ethereum
1770548647607,2094.0178368836205,252797313966.60394,33693387175.433388,2026-02-08 11:04:07.607,ethereum
1770552267441,2130.581085830431,257009314912.59412,34074785226.14369,2026-02-08 12:04:27.441,ethereum
1770555889449,2129.182079961831,256539842080.6163,32843539899.412083,2026-02-08 13:04:49.449,ethereum
1770559383458,2123.8304959697625,256275867646.71332,32483486235.9922,2026-02-08 14:03:03.458,ethereum
1770562975362,2123.4094827391273,256226568249.56122,31325072108.529457,2026-02-08 15:02:55.362,ethereum
1770566652175,2106.596583905998,254332096104.91132,30299566144.725086,2026-02-08 16:04:12.175,ethereum
1770570235286,2078.687501589718,250803474720.59332,20569946229.744083,2026-02-08 17:03:55.286,ethereum
1770573843753,2090.719448080888,252334422200.7734,20047489385.103233,2026-02-08 18:04:03.753,ethereum
1770577443711,2108.659670608786,254688337681.10373,18699087154.093773,2026-02-08 19:04:03.711,ethereum
1770581055581,2125.2840997547255,256482295252.84106,16783197638.599934,2026-02-08 20:04:15.581,ethereum
1770584637710,2103.2195533980544,253843092747.43677,17862322257.858593,2026-02-08 21:03:57.710,ethereum
1770588208782,2095.044580358402,252566068440.95917,17381357349.471996,2026-02-08 22:03:28.782,ethereum
1770591788751,2107.4315952961088,253855945350.74304,17581750797.063435,2026-02-08 23:03:08.751,ethereum
1770595438173,2088.2260207520994,252336913840.78915,19353001176.6074,2026-02-09 00:03:58.173,ethereum
1770599032917,2083.3083206707415,251314918054.82578,20053276103.425087,2026-02-09 01:03:52.917,ethereum
1770602466318,2069.409784936037,249754065800.2231,20035372471.97003,2026-02-09 02:01:06.318,ethereum
1770606002808,2083.1621668597254,251474550769.4334,18985417154.001534,2026-02-09 03:00:02.808,ethereum
1770609852664,2097.2046892981234,253004456276.46292,21237246399.05856,2026-02-09 04:04:12.664,ethereum
1770613441380,2089.3595778497256,252170269956.67725,21041333309.127373,2026-02-09 05:04:01.380,ethereum
1770617071501,2092.2775204461163,252633171373.85492,20282333212.991894,2026-02-09 06:04:31.501,ethereum
1770620537849,2079.930187729901,251125518780.55978,21363272358.4199,2026-02-09 07:02:17.849,ethereum
1770624285787,2065.0377514641764,249225970090.27927,20336698927.80579,2026-02-09 08:04:45.787,ethereum
1770627889886,2049.3104197104603,247844772154.60397,21269026439.533592,2026-02-09 09:04:49.886,ethereum
1770631465065,2038.8770478645872,245648482012.1803,21313509628.5338,2026-02-09 10:04:25.065,ethereum
1770635003819,2021.4484671236942,244043903306.3444,20898027243.74028,2026-02-09 11:03:23.819,ethereum
1770638623341,2025.6628782700436,244281155546.07278,20176903925.092518,2026-02-09 12:03:43.341,ethereum
1770642178175,2033.9455541387788,245379860750.7037,20202447419.473038,2026-02-09 13:02:58.175,ethereum
1770645865039,2022.6866906736263,244600540860.04544,21163286925.89761,2026-02-09 14:04:25.039,ethereum
1770649438131,2043.9441636572346,246561516073.10675,21499235923.460114,2026-02-09 15:03:58.131,ethereum
1770653065289,2060.446803836367,248875614698.18033,23052546013.568142,2026-02-09 16:04:25.289,ethereum
1770656646589,2090.172903513328,252677265672.2884,23183862617.041676,2026-02-09 17:04:06.589,ethereum
1770660103130,2126.4932341649483,256977381279.00223,24600219578.844303,2026-02-09 18:01:43.130,ethereum
1770663812268,2126.6870888952044,256347558142.90134,26020556400.0042,2026-02-09 19:03:32.268,ethereum
1770667423928,2128.6293510380037,257273161084.37558,26577988067.628567,2026-02-09 20:03:43.928,ethereum
1770671058622,2125.2131365629702,256445876424.38608,26292539744.71868,2026-02-09 21:04:18.622,ethereum
1770674600612,2122.0209971090085,255952582769.96265,26603429801.84847,2026-02-09 22:03:20.612,ethereum
1770678224194,2113.464137085613,254829333795.87527,27902777111.817688,2026-02-09 23:03:44.194,ethereum
1770681676399,2103.639709069505,253688384127.92407,25789791435.671608,2026-02-10 00:01:16.399,ethereum
1770685433039,2098.5993783385784,253358058698.34454,26223924944.45173,2026-02-10 01:03:53.039,ethereum
1770689004830,2115.1086362521714,255436225097.10052,24835210030.103127,2026-02-10 02:03:24.830,ethereum
1770692601161,2106.5694559317353,254079680262.459,24382401435.24673,2026-02-10 03:03:21.161,ethereum
1770696265914,2063.4894459807597,248933352977.5555,24615444712.969006,2026-02-10 04:04:25.914,ethereum
1770699780240,2069.2961641472616,249778010489.24435,25252885224.055428,2026-02-10 05:03:00.240,ethereum
1770703377343,2051.803899585302,247457720511.0487,25771682390.315475,2026-02-10 06:02:57.343,ethereum
1770707000008,2006.6907924323239,242135528863.65897,27782315108.59044,2026-02-10 07:03:20.008,ethereum
1770710550733,2007.0182472175297,242193530861.3531,27576183982.209717,2026-02-10 08:02:30.733,ethereum
1770714182271,2012.7128556214502,242937125108.986,29204397945.30034,2026-02-10 09:03:02.271,ethereum
1770717802127,2014.9719526373485,243137891032.21783,28485689122.602535,2026-02-10 10:03:22.127,ethereum
1770721345135,2012.2563726556084,242963072890.70706,28184893042.098236,2026-02-10 11:02:25.135,ethereum
1770725020553,2004.016492183442,241563219461.7948,28802674114.449738,2026-02-10 12:03:40.553,ethereum
1770728581722,2006.374498979289,242344426384.53348,27036360529.267757,2026-02-10 13:03:01.722,ethereum
1770732188884,2020.7205696390326,243803437388.3693,28076562131.302223,2026-02-10 14:03:08.884,ethereum
1770735763235,2010.2549110051455,242589333102.2829,28181631090.09098,2026-02-10 15:02:43.235,ethereum
1770739386499,2021.530655129178,243704993978.2812,27684428808.057583,2026-02-10 16:03:06.499,ethereum
1770742986081,2026.3892453495025,244566818932.34714,26138495455.02763,2026-02-10 17:03:06.081,ethereum
1770746555270,2038.6072535643639,245785502875.97,26135566110.577442,2026-02-10 18:02:35.270,ethereum
1770750151236,2009.1986228678998,242858950382.48987,25445702828.5038,2026-02-10 19:02:31.236,ethereum
1770753798837,2016.8316191928914,243381503622.92612,25135746326.303665,2026-02-10 20:03:18.837,ethereum
1770757222716,2012.152384243653,242532622950.99356,25405669876.685543,2026-02-10 21:00:22.716,ethereum
1770761011062,2008.8137118245115,242139380340.0491,23640054531.12141,2026-02-10 22:03:31.062,ethereum
1770764591503,2014.6677218999112,243317766467.7103,23012363301.144493,2026-02-10 23:03:11.503,ethereum
1770768163147,2019.65224654525,243755005365.33044,22679425787.099773,2026-02-11 00:02:43.147,ethereum
1770771778783,2024.661122659727,244439727446.5921,23185068763.07261,2026-02-11 01:02:58.783,ethereum
1770775388278,2023.1799468568433,244135669604.2954,22861670961.96027,2026-02-11 02:03:08.278,ethereum
1770778823003,2016.9440859963183,243407630530.3455,22892969416.743256,2026-02-11 03:00:23.003,ethereum
1770782542359,2008.392511899289,242828403200.55157,23057720651.121765,2026-02-11 04:02:22.359,ethereum
1770786231160,1970.7092703100577,237755534494.40237,22785294684.371933,2026-02-11 05:03:51.160,ethereum
1770789793603,1973.751650439002,238351684162.96252,22060167563.54043,2026-02-11 06:03:13.603,ethereum
1770793396360,1947.975371308013,235079943477.32043,20346181571.85475,2026-02-11 07:03:16.360,ethereum
1770796994838,1950.231871376689,235858865871.08737,20707925452.499317,2026-02-11 08:03:14.838,ethereum
1770800541987,1949.362828819964,235255519286.95877,18384375862.847134,2026-02-11 09:02:21.987,ethereum
1770804222185,1944.874077528654,234818181380.08603,18266355626.07813,2026-02-11 10:03:42.185,ethereum
1770807694222,1936.9630372836734,233461447627.65347,19174532853.31178,2026-02-11 11:01:34.222,ethereum
1770811453776,1952.4260599296833,235665036884.3303,18869170822.104088,2026-02-11 12:04:13.776,ethereum
1770814942488,1950.8669938535559,235466347445.23047,18416047650.17401,2026-02-11 13:02:22.488,ethereum
1770818631821,1959.5855355884746,236299893362.04263,19398587768.19016,2026-02-11 14:03:51.821,ethereum
1770822151379,1940.616893867235,234881195154.62488,19113693720.1132,2026-02-11 15:02:31.379,ethereum
1770825820999,1929.2522447026354,233147157441.6657,21757742159.046722,2026-02-11 16:03:40.999,ethereum
1770829377135,1914.1490674687534,231129987439.63254,21145656760.092125,2026-02-11 17:02:57.135,ethereum
1770832854905,1931.0524827132842,233142423849.51123,22181200004.846027,2026-02-11 18:00:54.905,ethereum
1770836570109,1942.785321002298,234645132845.9795,21612815725.099815,2026-02-11 19:02:50.109,ethereum
1770840050367,1951.410893019063,235581678151.8501,22185682251.719437,2026-02-11 20:00:50.367,ethereum
1770843641653,1952.2400097414186,235682687317.79346,22351999201.42483,2026-02-11 21:00:41.653,ethereum
1770847391268,1969.5135510680464,237987454001.12607,22846463336.490395,2026-02-11 22:03:11.268,ethereum
1770850983039,1950.4782290920398,235503337820.76614,22967369923.720318,2026-02-11 23:03:03.039,ethereum
1770854569686,1940.5781125992298,234154118571.51108,23739697799.496758,2026-02-12 00:02:49.686,ethereum
1770858221566,1959.3026106161067,236497451996.8083,24126249705.031628,2026-02-12 01:03:41.566,ethereum
1770861718713,1964.8969252256543,237226683861.3113,24874231809.2026,2026-02-12 02:01:58.713,ethereum
1770865326170,1957.8325045085512,236305274367.19922,23804996715.32521,2026-02-12 03:02:06.170,ethereum
1770869021516,1966.9057955447681,237371060608.92554,24512158923.700233,2026-02-12 04:03:41.516,ethereum
1770872539242,1965.1467155613375,237188762703.30948,24079695187.774452,2026-02-12 05:02:19.242,ethereum
1770876192768,1968.2084918064193,237582655067.7004,23828854039.145332,2026-02-12 06:03:12.768,ethereum
1770879753453,1970.55273785167,237805126156.36517,20543342290.65835,2026-02-12 07:02:33.453,ethereum
1770883392270,1968.3946955037566,237547767348.18323,22230929861.443268,2026-02-12 08:03:12.270,ethereum
1770886827285,1963.4602747238164,236787525884.893,23038375163.525566,2026-02-12 09:00:27.285,ethereum
1770890567137,1980.7289856255647,239316725394.52353,23110168970.79407,2026-02-12 10:02:47.137,ethereum
1770894199063,1992.50090816668,240383161570.03635,22440243359.07385,2026-02-12 11:03:19.063,ethereum
1770897797303,1989.0147304942466,240111625089.52472,22504486974.624367,2026-02-12 12:03:17.303,ethereum
1770901404174,1979.6398455846963,238908191084.0519,22776458846.523407,2026-02-12 13:03:24.174,ethereum
1770904978779,1993.5774893539829,240023996177.799,21480389122.819984,2026-02-12 14:02:58.779,ethereum
1770908561111,1978.816258475786,239117548739.04092,20244701929.098156,2026-02-12 15:02:41.111,ethereum
1770912014097,1948.2388957444778,236139172991.94308,19550813077.884895,2026-02-12 16:00:14.097,ethereum
1770915791999,1907.1237793606736,230147627046.30917,19673963250.320816,2026-02-12 17:03:11.999,ethereum
1770919339301,1909.114410362576,230346784164.29437,19334896972.883377,2026-02-12 18:02:19.301,ethereum
1770923001142,1917.3038913310327,231434509970.15952,20125489015.5734,2026-02-12 19:03:21.142,ethereum
1770926474387,1924.3299632989938,232660500276.57495,19525808936.679367,2026-02-12 20:01:14.387,ethereum
1770930096466,1914.6498101838463,231065584286.61337,20055990674.271156,2026-02-12 21:01:36.466,ethereum
1770933784449,1921.7171515141426,231931165747.89795,18547117307.337574,2026-02-12 22:03:04.449,ethereum
1770937299513,1941.4743898224851,234070059603.9561,19427316487.601364,2026-02-12 23:01:39.513,ethereum
1770940946949,1945.1664060325418,235074846007.31265,19421275178.180984,2026-02-13 00:02:26.949,ethereum
1770944585298,1932.4057671558767,233314138032.28476,19222635168.147717,2026-02-13 01:03:05.298,ethereum
1770948192906,1941.255256881003,234167003733.10385,20341378650.35641,2026-02-13 02:03:12.906,ethereum
1770951853868,1947.6535195086722,235103114747.1242,20069377984.853615,2026-02-13 03:04:13.868,ethereum
1770955376601,1950.9623456852485,235326921261.3154,19328864014.63674,2026-02-13 04:02:56.601,ethereum
1770958996128,1943.737701130771,234809052620.96616,20327087987.555805,2026-02-13 05:03:16.128,ethereum
1770962614261,1933.6047686794354,233479224615.24106,19915225453.73418,2026-02-13 06:03:34.261,ethereum
1770966048956,1933.1574399660385,232806411784.87936,16703220780.025528,2026-02-13 07:00:48.956,ethereum
1770969810118,1934.7948359681202,233706423449.22946,19901514911.60949,2026-02-13 08:03:30.118,ethereum
1770973442487,1956.7635496630985,236223567832.60086,19228115757.114624,2026-02-13 09:04:02.487,ethereum
1770976956359,1960.6018867280807,236556356628.1241,19362764781.390236,2026-02-13 10:02:36.359,ethereum
1770980555254,1958.121328690087,236371179601.34982,20085095119.09027,2026-02-13 11:02:35.254,ethereum
1770984037465,1958.816246996486,236422420557.10712,18986511425.09887,2026-02-13 12:00:37.465,ethereum
1770987760701,1959.8571311255914,236833716399.64612,18859565548.004757,2026-02-13 13:02:40.701,ethereum
1770991341714,1969.4632078213647,237987565801.17535,19322217456.529026,2026-02-13 14:02:21.714,ethereum
1770994930823,1987.9534956837406,239915033890.7237,21318050564.58338,2026-02-13 15:02:10.823,ethereum
1770998525881,2033.243788075006,244864809752.21912,21534337136.514256,2026-02-13 16:02:05.881,ethereum
1771002001005,2067.442271983571,249398177040.66675,20756953867.734737,2026-02-13 17:00:01.005,ethereum
1771005613757,2059.1921332707257,248533415375.9028,20670932652.29246,2026-02-13 18:00:13.757,ethereum
1771009203218,2059.792323691696,248510393714.0987,19558675574.885765,2026-02-13 19:00:03.218,ethereum
1771012959981,2057.5760820341234,248589911878.39798,20936973698.01809,2026-02-13 20:02:39.981,ethereum
1771016572285,2044.869223652202,246628426505.09,20895343806.2439,2026-02-13 21:02:52.285,ethereum
1771020220496,2052.4719110100755,247364401346.02692,20458445744.80174,2026-02-13 22:03:40.496,ethereum
1771023695292,2051.7763397653516,247448293072.37323,21080676866.585773,2026-02-13 23:01:35.292,ethereum
1771027303299,2048.1151118994317,247247974371.8545,19765684402.79289,2026-02-14 00:01:43.299,ethereum
1771030955045,2053.588472479615,247926850870.09067,20367339468.902855,2026-02-14 01:02:35.045,ethereum
1771034442552,2053.4667489193457,247817539288.92502,19480982784.82173,2026-02-14 02:00:42.552,ethereum
1771038077454,2048.6834326292333,247172871506.61356,19277519537.566372,2026-02-14 03:01:17.454,ethereum
1771041769413,2053.41122655476,247924767148.86438,19095237046.21988,2026-02-14 04:02:49.413,ethereum
1771045338132,2052.6141726769733,247764734864.94498,18826543133.11503,2026-02-14 05:02:18.132,ethereum
1771048965119,2050.06927073198,247524615383.27307,18630970703.90067,2026-02-14 06:02:45.119,ethereum
1771052550982,2052.5378781354375,247756364914.54614,18470712565.500557,2026-02-14 07:02:30.982,ethereum
1771056203952,2056.234436965675,248167787382.181,18042413554.619957,2026-02-14 08:03:23.952,ethereum
1771059804419,2081.2982997616573,251180463788.2942,18036193794.150032,2026-02-14 09:03:24.419,ethereum
1771063339191,2077.6480661017667,250866431898.7833,19214009866.69449,2026-02-14 10:02:19.191,ethereum
1771067003351,2076.1209722743774,250485061931.44867,18201584975.39406,2026-02-14 11:03:23.351,ethereum
1771070449901,2098.0705197513307,253278574746.36868,17620536813.28861,2026-02-14 12:00:49.901,ethereum
1771074227573,2070.6913409074987,250175335140.737,20767024737.48135,2026-02-14 13:03:47.573,ethereum
1771077785621,2070.4537401631915,249778102586.5363,20611036651.352787,2026-02-14 14:03:05.621,ethereum
1771081389340,2084.5706304716937,251726656106.5525,19044799013.330917,2026-02-14 15:03:09.340,ethereum
1771084997714,2086.8555506915523,251927120240.54028,17210770071.612694,2026-02-14 16:03:17.714,ethereum
1771088566448,2081.2874903307775,251309234519.8507,16797630333.491005,2026-02-14 17:02:46.448,ethereum
1771092193951,2078.4822270962695,250967950567.7071,16495570585.305897,2026-02-14 18:03:13.951,ethereum
1771095761447,2083.9004640182284,251416436098.76398,16169803613.862122,2026-02-14 19:02:41.447,ethereum
1771099236530,2087.3189297225013,251903464417.57056,15866819969.527733,2026-02-14 20:00:36.530,ethereum
1771102935014,2088.368719034728,252025722734.27353,15252460384.263697,2026-02-14 21:02:15.014,ethereum
1771106600468,2084.8366731234723,251588309797.15366,16001492655.383812,2026-02-14 22:03:20.468,ethereum
1771110149015,2089.6433565859675,252317196214.5427,23847635996.28532,2026-02-14 23:02:29.015,ethereum
1771113797763,2085.189981560399,251706847538.5248,16991497819.248497,2026-02-15 00:03:17.763,ethereum
1771117364543,2078.615622470811,250867860972.9927,16062907188.930256,2026-02-15 01:02:44.543,ethereum
1771120977391,2063.4153040681304,248941559165.9489,17290337846.014767,2026-02-15 02:02:57.391,ethereum
1771124563305,2059.067989785143,248826717615.04672,18318425733.421204,2026-02-15 03:02:43.305,ethereum
1771128044626,2058.9995446102116,248311052801.94138,21163053820.065796,2026-02-15 04:00:44.626,ethereum
1771131781687,2075.326774614961,250313753798.50732,22500737169.623848,2026-02-15 05:03:01.687,ethereum
1771135364334,2087.8332411277024,252154963425.5254,23119555220.434505,2026-02-15 06:02:44.334,ethereum
1771139029262,2085.266571557726,251639159519.58627,22857019231.944477,2026-02-15 07:03:49.262,ethereum
1771142440032,2090.1571583729083,252280248652.7259,24688084407.661926,2026-02-15 08:00:40.032,ethereum
1771146196602,2068.3235103530083,249491389804.01553,24607000676.153706,2026-02-15 09:03:16.602,ethereum
1771149752096,2067.327888223366,249616611654.50214,24547970902.478348,2026-02-15 10:02:32.096,ethereum
1771153349547,2060.5945531967436,248902862555.0317,25027698599.78132,2026-02-15 11:02:29.547,ethereum
1771156948265,2060.802555782671,248663163646.54782,23870038166.930557,2026-02-15 12:02:28.265,ethereum
1771160633887,2015.4562881129427,243616003790.5473,24267520029.423008,2026-02-15 13:03:53.887,ethereum
1771164063227,2001.0349018591867,241674628953.73538,24953284978.540012,2026-02-15 14:01:03.227,ethereum
1771167821062,2008.8985315452267,242480220980.38202,25448394081.19456,2026-02-15 15:03:41.062,ethereum
1771171239886,2010.056607302998,242415498783.39175,24533018519.719837,2026-02-15 16:00:39.886,ethereum
1771174957933,2005.7121201545701,242103974233.48883,25262445837.28528,2026-02-15 17:02:37.933,ethereum
1771178484102,1969.938454493388,237690359180.497,25578541345.788555,2026-02-15 18:01:24.102,ethereum
1771182049934,1957.43666641872,236020111961.3315,27778548699.047394,2026-02-15 19:00:49.934,ethereum
1771185764620,1942.222317403274,234669727620.825,30221907463.156914,2026-02-15 20:02:44.620,ethereum
1771189399026,1949.16137948393,235172060891.54507,29811064791.401196,2026-02-15 21:03:19.026,ethereum
1771192957152,1957.8458554808944,236354932989.8674,30371939852.738438,2026-02-15 22:02:37.152,ethereum
1771196619447,1968.2342580928992,237592115418.48068,30651819439.475384,2026-02-15 23:03:39.447,ethereum
1771200105491,1965.1597038302314,237108680939.59772,30061336690.022507,2026-02-16 00:01:45.491,ethereum
1771203746877,1967.7740319174516,237532088051.4073,31072394343.946445,2026-02-16 01:02:26.877,ethereum
1771207312363,1962.5415346506481,236866611970.90625,31173219141.15872,2026-02-16 02:01:52.363,ethereum
1771210898067,1955.9128106532987,235870714066.79242,30771536246.18344,2026-02-16 03:01:38.067,ethereum
1771214416421,1957.6361564915198,236205424182.9017,27830526891.776,2026-02-16 04:00:16.421,ethereum
1771218149466,1971.5323559158671,237919097212.3574,26311829099.45074,2026-02-16 05:02:29.466,ethereum
1771221772388,1956.5480301814928,236205105726.96158,31044015417.616596,2026-02-16 06:02:52.388,ethereum
1771225388948,1965.5628662004508,237242635379.57828,25907182812.73268,2026-02-16 07:03:08.948,ethereum
1771228973919,1970.14273289616,237765585097.99902,25070225374.80171,2026-02-16 08:02:53.919,ethereum
1771232584349,1976.0191315721866,238456245414.43298,23955041703.309013,2026-02-16 09:03:04.349,ethereum
1771236147953,1985.9403371355943,239739623818.84064,23765194404.599888,2026-02-16 10:02:27.953,ethereum
1771239768518,1977.9969822820813,238805568065.5492,26843826833.74148,2026-02-16 11:02:48.518,ethereum
1771243342215,1975.715468347886,238450202272.52542,24170216160.850456,2026-02-16 12:02:22.215,ethereum
1771246949567,2004.9423207817906,242080604055.2258,24504737994.326294,2026-02-16 13:02:29.567,ethereum
1771250565450,1967.6635800735728,237265089451.45322,24989982060.901928,2026-02-16 14:02:45.450,ethereum
1771254223058,1972.646148919403,237960087187.70804,25166022220.41115,2026-02-16 15:03:43.058,ethereum
1771257773278,1955.7902200449637,236053967128.98062,24612596830.53722,2026-02-16 16:02:53.278,ethereum
1771261374853,1971.803702153238,237860665303.99686,24587363221.211693,2026-02-16 17:02:54.853,ethereum
1771264949622,1978.1444308699288,238745967070.25836,24720744902.12737,2026-02-16 18:02:29.622,ethereum
1771268636479,1968.4247197936131,237560310100.65164,21904430073.526917,2026-02-16 19:03:56.479,ethereum
1771272206821,1973.2545199920798,238183840312.66595,19950036534.352848,2026-02-16 20:03:26.821,ethereum
1771275807312,1991.521898373786,240306386404.7119,19246766359.78998,2026-02-16 21:03:27.312,ethereum
1771279465079,1997.637849471219,241335776944.73242,19746023225.788486,2026-02-16 22:04:25.079,ethereum
1771282970528,1990.1415051857539,240228460510.14392,20015231093.75156,2026-02-16 23:02:50.528,ethereum
1771286601358,1997.6176245178935,241130588265.7972,18865560621.24518,2026-02-17 00:03:21.358,ethereum
1771290137662,1997.743430678263,241163592451.52875,16674700891.24921,2026-02-17 01:02:17.662,ethereum
1771293756319,1991.1795134463807,240408179226.2416,18983024174.181675,2026-02-17 02:02:36.319,ethereum
1771297415116,1998.03134716245,241547043528.137,18756989416.099953,2026-02-17 03:03:35.116,ethereum
1771300800983,1988.5605161526614,240033668392.31686,18507081182.66696,2026-02-17 04:00:00.983,ethereum
1771304530556,1988.198582323102,239851895372.12604,18737216313.37761,2026-02-17 05:02:10.556,ethereum
1771308204286,1974.5225683219364,238285285880.24515,18797571686.610413,2026-02-17 06:03:24.286,ethereum
1771311601091,1981.5385032446823,239181110313.73456,21498779781.076603,2026-02-17 07:00:01.091,ethereum
1771315371790,1984.9934598886998,239676129488.05838,18736471298.54499,2026-02-17 08:02:51.790,ethereum
1771318922314,1975.8413176132808,238375978491.1373,18880317595.086887,2026-02-17 09:02:02.314,ethereum
1771322517170,1974.6293933827178,238318734341.85837,18712515536.29001,2026-02-17 10:01:57.170,ethereum
1771326137998,1966.2850210591719,237143341461.7061,18225860774.27557,2026-02-17 11:02:17.998,ethereum
1771329636866,1967.222227403676,237504905966.83466,18431636894.456062,2026-02-17 12:00:36.866,ethereum
1771333305844,1968.653914637936,237487891384.93393,18199326931.850826,2026-02-17 13:01:45.844,ethereum
1771336934807,1989.5390164057962,240122319303.20044,17476700896.50971,2026-02-17 14:02:14.807,ethereum
1771340551385,1948.2468264255663,235282378354.26022,19151156332.952705,2026-02-17 15:02:31.385,ethereum
1771344077394,1965.8775191074692,237076551776.1962,18601159252.172573,2026-02-17 16:01:17.394,ethereum
1771347644208,1980.931127895006,239117867453.69205,19836015057.068966,2026-02-17 17:00:44.208,ethereum
1771351366903,1964.3265868897981,237021882539.7727,20337143646.63493,2026-02-17 18:02:46.903,ethereum
1771354999434,1998.9440489431877,241660796352.456,23832173572.06051,2026-02-17 19:03:19.434,ethereum
1771358466795,1998.3215175183127,241413744566.09302,21721998718.00768,2026-02-17 20:01:06.795,ethereum
1771362131108,1994.2791983086454,240818802377.21823,21183730736.18149,2026-02-17 21:02:11.108,ethereum
1771365790918,1998.9963292280947,241233674412.8871,19975734533.905994,2026-02-17 22:03:10.918,ethereum
1771369345231,1992.8749133537472,240549384824.66922,20697895276.56023,2026-02-17 23:02:25.231,ethereum
1771372946948,1991.0327005148895,240465996069.09854,21389737324.930492,2026-02-18 00:02:26.948,ethereum
1771376537479,1980.9220809979959,239127820840.47388,20643179469.251034,2026-02-18 01:02:17.479,ethereum
1771380110383,1976.1940025276774,238357443832.72122,19641281869.625103,2026-02-18 02:01:50.383,ethereum
1771383706158,1986.996322348644,239819125840.56683,20607680073.13574,2026-02-18 03:01:46.158,ethereum
1771387217019,1997.5494960105796,241180851922.099,24664088609.826485,2026-02-18 04:00:17.019,ethereum
1771390906825,1997.3550558268312,241067650880.2134,21448986061.431435,2026-02-18 05:01:46.825,ethereum
1771394495106,1995.423342204643,240874868009.66037,20274620946.6314,2026-02-18 06:01:35.106,ethereum
1771398024048,2001.265488740971,241695191679.63593,20179771315.569054,2026-02-18 07:00:24.048,ethereum
1771401693673,2017.3000485909101,243507040441.86005,21639792467.313286,2026-02-18 08:01:33.673,ethereum
1771405261069,2019.4253543448633,243751993444.70892,21602609379.459476,2026-02-18 09:01:01.069,ethereum
1771409013197,2015.6431365165718,243302949817.75064,21652962600.526817,2026-02-18 10:03:33.197,ethereum
1771412553899,1995.7136626060264,240922488005.13864,20357045020.54075,2026-02-18 11:02:33.899,ethereum
1771416183154,1981.2138173123924,239825159692.68472,23315931543.80707,2026-02-18 12:03:03.154,ethereum
1771419712103,1982.3948918302997,239464481864.4058,25471223686.308422,2026-02-18 13:01:52.103,ethereum
1771423365821,1969.6210791786991,237085533601.1573,23687085138.223328,2026-02-18 14:02:45.821,ethereum
1771426855410,1972.2893815903544,237908941172.98776,22402423170.542473,2026-02-18 15:00:55.410,ethereum
1771430539992,1984.4031662590487,240161976874.10916,21942855984.61023,2026-02-18 16:02:19.992,ethereum
1771434036784,1970.7264876406643,237696276772.86566,23091503893.042255,2026-02-18 17:00:36.784,ethereum
1771437660003,1973.2563301407945,237995752355.6858,19203883148.144356,2026-02-18 18:01:00.003,ethereum
1771441235270,1952.3425040123807,236091549795.6303,22323057405.314465,2026-02-18 19:00:35.270,ethereum
1771444925146,1937.9312357419658,233429214432.67978,20091237062.529224,2026-02-18 20:02:05.146,ethereum
1771448529009,1940.16276989658,234247978131.1198,22867110896.773148,2026-02-18 21:02:09.009,ethereum
1771452091356,1941.5411960083682,234391305157.6704,20499218789.09203,2026-02-18 22:01:31.356,ethereum
1771455624109,1947.7634013679203,235009182007.95044,22147300419.511154,2026-02-18 23:00:24.109,ethereum
1771459278088,1954.4481156455342,235926025993.51245,19809231024.498226,2026-02-19 00:01:18.088,ethereum
1771462967503,1955.7634353424992,235877972150.643,19655408321.739914,2026-02-19 01:02:47.503,ethereum
1771466563541,1966.3315197191712,237313715013.82455,22870231670.28354,2026-02-19 02:02:43.541,ethereum
1771470260337,1966.675995769814,237083290735.08035,20127153211.239727,2026-02-19 03:04:20.337,ethereum
1771473653997,1971.8320731946944,237856333240.1644,19324108820.6521,2026-02-19 04:00:53.997,ethereum
1771477394182,1969.0021023561076,237789368905.8988,22511000567.92517,2026-02-19 05:03:14.182,ethereum
1771480891959,1969.2445609850797,237681200803.7198,22501145048.258495,2026-02-19 06:01:31.959,ethereum
1771484431430,1982.2263820961646,239252982580.09027,20453149282.03986,2026-02-19 07:00:31.430,ethereum
1771488115513,1980.5019202927174,238905622426.573,19396782201.528564,2026-02-19 08:01:55.513,ethereum
1771491742146,1970.2954951775405,237543384295.47424,18958092798.900898,2026-02-19 09:02:22.146,ethereum
1771495355505,1963.3430107311294,236944755960.094,20056733349.457584,2026-02-19 10:02:35.505,ethereum
1771498957401,1958.5404328875156,236473406671.1997,20730958954.85784,2026-02-19 11:02:37.401,ethereum
1771502562675,1949.3167955472268,235475862339.4228,20583664570.95106,2026-02-19 12:02:42.675,ethereum
1771506060243,1946.9105271609526,234999943972.3891,18669623466.597805,2026-02-19 13:01:00.243,ethereum
1771509727563,1921.0043055127544,231817497417.91644,19352715877.821907,2026-02-19 14:02:07.563,ethereum
1771513359170,1936.602055658481,234428724802.93982,20179775741.546078,2026-02-19 15:02:39.170,ethereum
1771516862944,1923.7919849874968,231916164823.4411,22145936318.459873,2026-02-19 16:01:02.944,ethereum
1771520513505,1922.3541564281,232025009728.90073,21068383462.143143,2026-02-19 17:01:53.505,ethereum
1771524099674,1918.5571030854821,231408618128.83755,18207574031.917385,2026-02-19 18:01:39.674,ethereum
1771527735757,1938.399861298769,233789563515.87158,21334569296.438526,2026-02-19 19:02:15.757,ethereum
1771531397803,1939.9836453656517,234120005802.9275,19666588732.140816,2026-02-19 20:03:17.803,ethereum
1771534998762,1948.982028721547,235132847388.97568,17280883551.62181,2026-02-19 21:03:18.762,ethereum
1771538530806,1946.5341880722603,234977005513.04428,17418077111.31848,2026-02-19 22:02:10.806,ethereum
1771542115011,1943.8994481091333,234543411975.45947,17186470604.476414,2026-02-19 23:01:55.011,ethereum
1771545757343,1948.0657552264208,235073562942.31964,17746469548.832935,2026-02-20 00:02:37.343,ethereum
1771549357537,1957.303524375768,236220108410.78946,19035390032.29872,2026-02-20 01:02:37.537,ethereum
1771552998839,1952.6773263740242,235673855525.53708,17893529000.651104,2026-02-20 02:03:18.839,ethereum
1771556533731,1949.3891460702969,235336149659.03845,16093758455.035143,2026-02-20 03:02:13.731,ethereum
1771560093583,1953.539872892293,235898882547.3168,17197156353.35881,2026-02-20 04:01:33.583,ethereum
1771563813357,1938.748279948868,233911044079.7042,16947428855.022423,2026-02-20 05:03:33.357,ethereum
1771567421478,1954.598682200205,236034508078.83688,19612111027.512333,2026-02-20 06:03:41.478,ethereum
1771570954612,1957.5972850793923,236266867758.6244,19330761124.772034,2026-02-20 07:02:34.612,ethereum
1771574620319,1960.0431335177288,236506303378.61826,19785231371.01402,2026-02-20 08:03:40.319,ethereum
1771578178459,1959.2749153461186,236606630846.97238,18061962334.4163,2026-02-20 09:02:58.459,ethereum
1771581734298,1967.1966964197627,237519897516.35318,19938945255.447033,2026-02-20 10:02:14.298,ethereum
1771585363424,1956.345909093457,236155777077.1736,18426083330.494457,2026-02-20 11:02:43.424,ethereum
1771588858924,1943.9930070536313,234768496191.0544,20441357542.65591,2026-02-20 12:00:58.924,ethereum
1771592473726,1948.5806586767658,235168139710.47495,20559437335.181698,2026-02-20 13:01:13.726,ethereum
1771596147952,1933.2919194784408,233258431462.3833,20212054167.44449,2026-02-20 14:02:27.952,ethereum
1771599630305,1942.4695131856565,234465511423.30594,19003575413.828754,2026-02-20 15:00:30.305,ethereum
1771603386468,1963.141570934229,236849673311.28558,21170979682.225033,2026-02-20 16:03:06.468,ethereum
1771606912007,1968.2755889286484,237179880924.25165,20420233523.90408,2026-02-20 17:01:52.007,ethereum
1771610473444,1965.4065341362657,237144759533.4325,21186991979.47035,2026-02-20 18:01:13.444,ethereum
1771614137281,1975.1179199411781,237932596486.8078,21795233198.358517,2026-02-20 19:02:17.281,ethereum
1771617717049,1962.9527218433668,236907368822.8319,21409770227.775604,2026-02-20 20:01:57.049,ethereum
1771621376695,1968.511581683248,237618197180.855,21349106660.90255,2026-02-20 21:02:56.695,ethereum
1771624840925,1973.4141609407097,238201955511.57263,21316232475.871532,2026-02-20 22:00:40.925,ethereum
1771628575259,1970.3991452934747,237808357749.9401,21294573167.23422,2026-02-20 23:02:55.259,ethereum
1771632092135,1968.176253440744,237571647704.20493,21360368266.77606,2026-02-21 00:01:32.135,ethereum
1771635683058,1962.3276711835413,236776602116.7539,21039699226.03788,2026-02-21 01:01:23.058,ethereum
1771639354454,1965.6799156902252,237208249880.22845,20938622097.773243,2026-02-21 02:02:34.454,ethereum
1771642822233,1965.9629414188755,237288817109.03494,24231528606.62279,2026-02-21 03:00:22.233,ethereum
1771646567961,1958.3245272369775,236214901126.20502,20678147839.02756,2026-02-21 04:02:47.961,ethereum
1771650127316,1961.6926853078173,236494898347.7301,19662215687.275692,2026-02-21 05:02:07.316,ethereum
1771653723289,1962.202883426678,236822921346.9177,20379555384.220448,2026-02-21 06:02:03.289,ethereum
1771657346811,1960.9298177913845,236649794451.38025,19342658188.079693,2026-02-21 07:02:26.811,ethereum
1771660952060,1962.1646174810203,236746751111.9762,19329874042.517452,2026-02-21 08:02:32.060,ethereum
1771664537263,1968.5916929959137,237396502534.7025,19419335518.73448,2026-02-21 09:02:17.263,ethereum
1771668124417,1969.9244975895988,237766249440.1167,18493418104.342285,2026-02-21 10:02:04.417,ethereum
1771671731074,1973.3542107914457,238138740607.04874,18021649072.08777,2026-02-21 11:02:11.074,ethereum
1771675336145,1976.700927539717,238559388574.17526,18040203285.50464,2026-02-21 12:02:16.145,ethereum
1771678850230,1975.1111120928424,238364591142.60678,21195867837.421757,2026-02-21 13:00:50.230,ethereum
1771682529976,1980.1798358010524,238843246877.29056,17674381524.001846,2026-02-21 14:02:09.976,ethereum
1771686128579,1987.7164133801566,239798588095.59988,16717841562.259874,2026-02-21 15:02:08.579,ethereum
1771689752766,1987.796902152452,240016183757.90408,14307247968.801394,2026-02-21 16:02:32.766,ethereum
1771693387608,1985.9719412366646,239758376938.69473,16512579070.303047,2026-02-21 17:03:07.608,ethereum
1771696832163,1988.1123374059555,240106074185.295,16116597418.619307,2026-02-21 18:00:32.163,ethereum
1771700583036,1991.6519300268792,240476389242.5911,12476483209.921099,2026-02-21 19:03:03.036,ethereum
1771704218128,1987.9984231619135,239967238708.24164,12019936890.665005,2026-02-21 20:03:38.128,ethereum
1771707788009,1976.8157091090586,238820119686.44547,12529950838.131247,2026-02-21 21:03:08.009,ethereum
1771711365817,1981.217605290526,239067234797.75998,12768068842.395744,2026-02-21 22:02:45.817,ethereum
1771715011637,1973.262338250444,238178053190.58575,11137918467.936152,2026-02-21 23:03:31.637,ethereum
1771718530574,1973.0736753460271,238183355351.80237,11953446051.422438,2026-02-22 00:02:10.574,ethereum
1771722147600,1971.7580857074074,237951060602.80615,11926783230.965437,2026-02-22 01:02:27.600,ethereum
1771725707201,1976.5696360040565,238511836439.02115,11285152350.752083,2026-02-22 02:01:47.201,ethereum
1771729342629,1971.7345500490394,238028936275.427,11401281188.758926,2026-02-22 03:02:22.629,ethereum
1771732975968,1973.8538960204132,238089003807.90015,12300748880.655304,2026-02-22 04:02:55.968,ethereum
1771736570399,1973.00533387098,238172310701.47787,12664441726.949537,2026-02-22 05:02:50.399,ethereum
1771740169612,1974.0606648743292,238073644056.6529,11381793852.16999,2026-02-22 06:02:49.612,ethereum
1771743621918,1975.5169158075046,238415931118.97488,11332517990.892458,2026-02-22 07:00:21.918,ethereum
1771747374334,1975.713054922082,238412988425.7634,10352571941.651323,2026-02-22 08:02:54.334,ethereum
1771750923163,1973.0573271759579,238071070871.34833,10795120437.55102,2026-02-22 09:02:03.163,ethereum
1771754517505,1975.4650106360848,238424227265.19598,10626152557.407137,2026-02-22 10:01:57.505,ethereum
1771758134763,1977.058471576354,238649002633.69116,10761803336.352795,2026-02-22 11:02:14.763,ethereum
1771761626309,1980.0434803406295,238928558525.36465,9914918378.940104,2026-02-22 12:00:26.309,ethereum
1771765357907,1966.334586980369,237289610786.69284,10210756559.172287,2026-02-22 13:02:37.907,ethereum
1771768950661,1950.3012879991647,235322437759.5097,11140736464.534458,2026-02-22 14:02:30.661,ethereum
1771772437618,1949.5322375376452,235324347725.11273,10157207486.787857,2026-02-22 15:00:37.618,ethereum
1771776179664,1953.1708015160993,235971232776.56662,9897114296.638594,2026-02-22 16:02:59.664,ethereum
1771779728352,1951.8442696725476,235579039306.5478,8733182928.733175,2026-02-22 17:02:08.352,ethereum
1771783348363,1939.2812510700537,234189278610.2861,11362298759.567492,2026-02-22 18:02:28.363,ethereum
1771786945596,1942.4102539862547,234430310201.8225,9392069058.786076,2026-02-22 19:02:25.596,ethereum
1771790419870,1943.0345099669735,234539363985.90634,8352798768.940571,2026-02-22 20:00:19.870,ethereum
1771794180370,1940.4773556918199,234219596126.90836,9202423320.345516,2026-02-22 21:03:00.370,ethereum
1771797751660,1949.7022295897425,235342254452.22467,9256500116.059309,2026-02-22 22:02:31.660,ethereum
1771801363592,1958.2967396366812,236313520353.7089,9243353029.149193,2026-02-22 23:02:43.592,ethereum
1771804994177,1957.1703262938045,236181792286.31143,9944612072.892195,2026-02-23 00:03:14.177,ethereum
1771808563201,1929.4306046910635,233708911361.08405,14699607253.662361,2026-02-23 01:02:43.201,ethereum
1771812214251,1856.8383496432468,224861810502.89932,13454594616.852829,2026-02-23 02:03:34.251,ethereum
1771815788654,1862.9173693224284,224717155724.23737,14016696246.74462,2026-02-23 03:03:08.654,ethereum
1771819337503,1863.3406215858283,225007038529.73068,21564624369.01653,2026-02-23 04:02:17.503,ethereum
1771822985417,1859.6399105179653,224348681231.43344,15880809903.653936,2026-02-23 05:03:05.417,ethereum
1771826555631,1865.1180234717524,224984313381.26645,13913370526.222818,2026-02-23 06:02:35.631,ethereum
1771830224073,1879.258384808212,226824132623.83786,15447764589.966139,2026-02-23 07:03:44.073,ethereum
1771833722931,1884.7094186083104,227458867330.33627,24136511098.690025,2026-02-23 08:02:02.931,ethereum
1771837389236,1880.4804393732536,226767230212.79953,17114059505.073929,2026-02-23 09:03:09.236,ethereum
1771840847953,1915.7399235205746,231168198986.86063,17300005961.83289,2026-02-23 10:00:47.953,ethereum
1771844585070,1913.6632440215988,231183275286.77335,27302256744.37498,2026-02-23 11:03:05.070,ethereum
1771848126550,1914.3817745890915,231044203983.3244,19052100720.59458,2026-02-23 12:02:06.550,ethereum
1771851622482,1919.9220408939748,231835860483.25055,28666502681.24267,2026-02-23 13:00:22.482,ethereum
1771855331295,1921.3509028868352,231944925264.2163,28977458473.167194,2026-02-23 14:02:11.295,ethereum
1771858832466,1906.0010004073501,230116343366.26746,20288709442.958237,2026-02-23 15:00:32.466,ethereum
1771862589750,1895.38050224663,228978041813.6572,30033112113.837025,2026-02-23 16:03:09.750,ethereum
1771866206231,1884.7520391438322,227473074121.09433,19919873688.966854,2026-02-23 17:03:26.231,ethereum
1771869732312,1862.596740998266,223951431180.13895,21079650187.48772,2026-02-23 18:02:12.312,ethereum
1771873383599,1857.785798878113,224384608673.1513,28677968486.89204,2026-02-23 19:03:03.599,ethereum
1771876884417,1857.172584980417,224096552864.2656,21150982561.286922,2026-02-23 20:01:24.417,ethereum
1771880601509,1860.5229739536535,224526224267.73636,23471497234.9348,2026-02-23 21:03:21.509,ethereum
1771884189937,1863.4881808436712,224851135670.5042,30901783737.370213,2026-02-23 22:03:09.937,ethereum
1771887721089,1860.6527252865442,224521237779.47705,23592158490.76244,2026-02-23 23:02:01.089,ethereum
1771891380467,1856.0865425737416,224002080681.27667,31291472200.3876,2026-02-24 00:03:00.467,ethereum
1771894807330,1867.3614077380364,225474959478.68854,23473924447.607887,2026-02-24 01:00:07.330,ethereum
1771898592034,1840.6193449217726,222313610156.76584,21188697741.912,2026-02-24 02:03:12.034,ethereum
1771902125989,1842.4218712299764,222494595390.30356,22552360470.98618,2026-02-24 03:02:05.989,ethereum
1771905751336,1831.152067652739,220945094804.78732,23350886776.09184,2026-02-24 04:02:31.336,ethereum
1771909242461,1829.4484347539592,220666207267.9055,21761847055.307037,2026-02-24 05:00:42.461,ethereum
1771912980623,1825.4637768206599,220375165761.48187,20580492857.502865,2026-02-24 06:03:00.623,ethereum
1771916528470,1820.3049214613786,219661319285.83392,20792561018.05954,2026-02-24 07:02:08.470,ethereum
1771920152138,1824.7085469283486,220175263183.02692,21309143311.73391,2026-02-24 08:02:32.138,ethereum
1771923797296,1831.5258721883592,220992857099.66504,20532482962.21588,2026-02-24 09:03:17.296,ethereum
1771927378634,1826.1947851164248,220108956023.3203,26032871712.632637,2026-02-24 10:02:58.634,ethereum
1771930989187,1826.0898747080164,220367916157.26123,26765220613.053524,2026-02-24 11:03:09.187,ethereum
1771934615054,1825.4441178078857,220091721331.46817,20761404584.929565,2026-02-24 12:03:35.054,ethereum
1771938137795,1823.8290550884683,220165750934.14966,25395160134.69865,2026-02-24 13:02:17.795,ethereum
1771941770027,1815.540773781631,219202066888.84827,19636198035.739403,2026-02-24 14:02:50.027,ethereum
1771945356035,1834.345996626769,221483163175.30878,20321532765.875607,2026-02-24 15:02:36.035,ethereum
1771948888789,1846.8067762244266,222743376615.19827,19623858698.086304,2026-02-24 16:01:28.789,ethereum
1771952621989,1857.7082796933682,223979053754.91678,18833565287.77358,2026-02-24 17:03:41.989,ethereum
1771956159787,1855.3931917429525,224072533171.53018,20422383545.22474,2026-02-24 18:02:39.787,ethereum
1771959738139,1855.4573164008305,224003460112.0413,20011484342.947315,2026-02-24 19:02:18.139,ethereum
1771963325985,1852.5525527486398,223591691238.95398,19814710621.040714,2026-02-24 20:02:05.985,ethereum
1771967009800,1858.156777874861,224192108255.34906,18750972950.584797,2026-02-24 21:03:29.800,ethereum
1771970566334,1853.9408409881123,223769846717.48126,24101412803.563053,2026-02-24 22:02:46.334,ethereum
1771974178481,1860.079387734821,224550885695.57108,19498501374.643547,2026-02-24 23:02:58.481,ethereum
1771977800975,1852.3070263287166,223560491838.9859,19489631875.533546,2026-02-25 00:03:20.975,ethereum
1771981315347,1851.9885669432592,223676118725.717,19444550848.964664,2026-02-25 01:01:55.347,ethereum
1771985025502,1919.53105504706,231517402746.702,25314867012.09846,2026-02-25 02:03:45.502,ethereum
1771988536637,1921.753528020021,232080414185.5644,27775841856.898487,2026-02-25 03:02:16.637,ethereum
1771992169488,1906.095695434137,230029560993.07315,19743551208.213142,2026-02-25 04:02:49.488,ethereum
1771995716788,1906.1810829312296,230074294933.0473,26871462891.22394,2026-02-25 05:01:56.788,ethereum
1771999344674,1888.21796061732,227893408428.21054,22506682942.610077,2026-02-25 06:02:24.674,ethereum
1772002926323,1884.9456190197207,227498461925.3319,21963804849.85405,2026-02-25 07:02:06.323,ethereum
1772006470020,1892.8721604133477,228483669076.5158,19863546078.12911,2026-02-25 08:01:10.020,ethereum
1772010114604,1910.069073103448,230641795984.28738,19580660154.677742,2026-02-25 09:01:54.604,ethereum
1772013756143,1914.882538616803,231111618238.38278,18777381480.77022,2026-02-25 10:02:36.143,ethereum
1772017358619,1911.9700246596226,230692121578.4206,18655167115.417706,2026-02-25 11:02:38.619,ethereum
1772020977656,1925.2912897606402,232017721055.43723,18959745073.975746,2026-02-25 12:02:57.656,ethereum
1772024591612,1952.0298405095011,235592283972.53845,23245255084.372524,2026-02-25 13:03:11.612,ethereum
1772028151295,1965.3515526806411,237065674636.59735,19283783780.576015,2026-02-25 14:02:31.295,ethereum
1772031774380,1996.5178836191728,240346831886.88107,20191509126.61023,2026-02-25 15:02:54.380,ethereum
1772035283619,2012.523738231398,243232174998.079,20924238084.71801,2026-02-25 16:01:23.619,ethereum
1772038982166,2046.2561908899327,246983961940.70258,21384828332.993065,2026-02-25 17:03:02.166,ethereum
1772042455582,2072.7061479980907,250132939306.25034,22143836091.410305,2026-02-25 18:00:55.582,ethereum
1772046225116,2074.246052685027,250383168470.58167,27443220250.253525,2026-02-25 19:03:45.116,ethereum
1772049774539,2071.5790029843306,249997401289.762,23711925993.766605,2026-02-25 20:02:54.539,ethereum
1772053359679,2075.190140873952,250998947144.05994,24605136682.167667,2026-02-25 21:02:39.679,ethereum
1772056824416,2099.1576440072604,253482642902.62048,27292378343.812057,2026-02-25 22:00:24.416,ethereum
1772060582656,2082.8637276325508,251214338588.3453,27532647557.004257,2026-02-25 23:03:02.656,ethereum
1772064182165,2055.9340395037652,248046677919.11807,28252343561.756374,2026-02-26 00:03:02.165,ethereum
1772067783706,2062.7489674511176,248909977869.35376,28096526895.73559,2026-02-26 01:03:03.706,ethereum
1772071366634,2058.998029780922,248627494306.9505,28523922111.63998,2026-02-26 02:02:46.634,ethereum
1772074972901,2053.6357477023835,247932800010.76175,27949882179.233295,2026-02-26 03:02:52.901,ethereum
1772078555638,2054.457965981186,248083069864.0389,27771690585.699345,2026-02-26 04:02:35.638,ethereum
1772082025695,2075.509450908795,250709781199.5731,28026888557.08521,2026-02-26 05:00:25.695,ethereum
1772085685451,2065.929580480561,249364417007.73846,28295773960.143654,2026-02-26 06:01:25.451,ethereum
1772089399031,2062.740024613253,249052647520.01862,31697083744.566204,2026-02-26 07:03:19.031,ethereum
1772092954416,2054.0280346895643,247904966429.43854,30919477717.375996,2026-02-26 08:02:34.416,ethereum
1772096565464,2054.2301441273476,247933161019.83765,31869496706.475906,2026-02-26 09:02:45.464,ethereum
1772100240519,2074.942822225037,250407075789.8398,31218068065.587032,2026-02-26 10:04:00.519,ethereum
1772103792048,2065.349842467223,249285799894.36426,31344354001.246807,2026-02-26 11:03:12.048,ethereum
1772107403935,2057.3142774761563,248301674975.90894,31428929738.619495,2026-02-26 12:03:23.935,ethereum
1772110960908,2069.6740399329215,249801595764.1795,30564118259.24344,2026-02-26 13:02:40.908,ethereum
1772114494991,2065.437236103486,249241801149.78998,30441336070.751415,2026-02-26 14:01:34.991,ethereum
1772118157094,2050.9931733488725,247449673688.1929,30269338667.95796,2026-02-26 15:02:37.094,ethereum
1772121757518,2033.1105460582464,245198906756.9601,29620185370.639645,2026-02-26 16:02:37.518,ethereum
1772125337084,1984.0015289223547,239775265231.4781,29335458861.885498,2026-02-26 17:02:17.084,ethereum
1772128977782,1989.0092936814744,239888220637.09674,28675679576.022945,2026-02-26 18:02:57.782,ethereum
1772132547890,2004.363420649569,241873445318.23392,27882324909.82149,2026-02-26 19:02:27.890,ethereum
1772136188337,2029.7276988999367,245039462121.5573,28114745983.322018,2026-02-26 20:03:08.337,ethereum
1772139762731,2024.4768337416401,244377394653.50397,28210375141.245823,2026-02-26 21:02:42.731,ethereum
1772143334266,2030.0443089582736,245135899101.52875,24691457947.851097,2026-02-26 22:02:14.266,ethereum
1772146979358,2033.1196429718525,245395623858.30908,24859258659.097763,2026-02-26 23:02:59.358,ethereum
1772150560756,2027.030503110541,244629911786.0361,22827212956.05201,2026-02-27 00:02:40.756,ethereum
1772154247049,2014.327524509516,242972345097.45856,22935878633.648193,2026-02-27 01:04:07.049,ethereum
1772157789004,2020.9964344889793,243841647239.6505,23353167768.40623,2026-02-27 02:03:09.004,ethereum
1772161451740,2026.7613478582107,244679637524.5218,22474491763.438194,2026-02-27 03:04:11.740,ethereum
1772164992200,2045.8664301240738,246959608542.06683,21996135796.147648,2026-02-27 04:03:12.200,ethereum
1772168563272,2042.4120203480315,246659533390.3936,21732787051.572304,2026-02-27 05:02:43.272,ethereum
1772172214670,2041.5707876914712,246379391661.75903,21977774474.974384,2026-02-27 06:03:34.670,ethereum
1772175785857,2036.4337980756063,245785228397.30054,21906074802.07021,2026-02-27 07:03:05.857,ethereum
1772179393646,2032.1645432547161,245132257496.27167,22122985982.096745,2026-02-27 08:03:13.646,ethereum
1772183011467,2033.7414257589796,245423764381.72812,21890807243.48089,2026-02-27 09:03:31.467,ethereum
1772186628247,2010.8218052210652,243016818629.66858,22078245450.304325,2026-02-27 10:03:48.247,ethereum
1772190068598,1981.595339136518,239118995674.82376,22344442794.903183,2026-02-27 11:01:08.598,ethereum
1772193719336,1962.7657240180881,236904141339.39664,23804336352.116142,2026-02-27 12:01:59.336,ethereum
1772197343147,1958.2903132398972,236170837154.69934,23497783318.260674,2026-02-27 13:02:23.147,ethereum
1772200971609,1962.5240579701265,236905937229.44214,24193411475.004337,2026-02-27 14:02:51.609,ethereum
1772204636309,1950.0334917646994,234470942712.4063,24326932705.484573,2026-02-27 15:03:56.309,ethereum
1772208131287,1948.5727859676952,235182568515.89514,22051774036.758266,2026-02-27 16:02:11.287,ethereum
1772211874731,1928.8861188061046,232874658318.77145,22552497993.549717,2026-02-27 17:04:34.731,ethereum
1772215385080,1931.3585571214733,232940951527.65414,22583774313.808186,2026-02-27 18:03:05.080,ethereum
1772219006542,1917.5726463536362,231393411608.67654,20973208458.61811,2026-02-27 19:03:26.542,ethereum
1772222581965,1921.1925468892364,231979242001.38342,20749164418.501984,2026-02-27 20:03:01.965,ethereum
1772226203811,1923.0111109605668,232092571547.0355,20098855899.615997,2026-02-27 21:03:23.811,ethereum
1772229734314,1921.1590910526822,231619008189.92438,18545864776.963573,2026-02-27 22:02:14.314,ethereum
1772233263335,1920.7309281495095,231675725865.19485,20818283405.24531,2026-02-27 23:01:03.335,ethereum
1772236853777,1930.3127956976182,233021374392.62512,21549970760.54512,2026-02-28 00:00:53.777,ethereum
1772240608174,1932.3958115360583,233330918767.7136,20680000323.105923,2026-02-28 01:03:28.174,ethereum
1772244186603,1925.2809180169688,232612699463.35956,20697997618.731903,2026-02-28 02:03:06.603,ethereum
1772247683855,1930.6228092941785,232967032312.8103,19752335451.886066,2026-02-28 03:01:23.855,ethereum
1772251399781,1924.0922832968029,232244793591.17392,26227595235.135532,2026-02-28 04:03:19.781,ethereum
1772254960541,1925.0707292480654,232399693257.80188,19634492594.992283,2026-02-28 05:02:40.541,ethereum
1772258492218,1919.1868794064203,231629601845.24878,18758331141.824654,2026-02-28 06:01:32.218,ethereum
1772262170477,1841.2881843632538,222489196468.52234,28660742123.85751,2026-02-28 07:02:50.477,ethereum
1772265776863,1866.4022356143162,225412128096.10605,28586412433.17756,2026-02-28 08:02:56.863,ethereum
1772269326602,1851.421809652515,223439329060.51584,22121691937.344326,2026-02-28 09:02:06.602,ethereum
1772272957199,1854.8038149197955,223952831622.39963,21894067932.01384,2026-02-28 10:02:37.199,ethereum
1772276600071,1865.6422541289032,225022116407.88412,20809358108.60678,2026-02-28 11:03:20.071,ethereum
1772280126454,1864.187480420202,225228156788.44696,22571540677.249207,2026-02-28 12:02:06.454,ethereum
1772283769844,1868.6729355865639,225545656793.5989,20363963023.007988,2026-02-28 13:02:49.844,ethereum
1772287337415,1902.1933985407954,229116099944.5412,21369940727.561695,2026-02-28 14:02:17.415,ethereum
1772290972951,1888.7367012505224,227750883659.28268,20331979790.475643,2026-02-28 15:02:52.951,ethereum
1772294553526,1898.7881415695729,229131519343.8541,19832093249.511112,2026-02-28 16:02:33.526,ethereum
1772298135815,1904.2723599816459,229850230918.46948,19062611793.072304,2026-02-28 17:02:15.815,ethereum
1772301737978,1906.6632408610576,230044243685.89404,18952334888.435394,2026-02-28 18:02:17.978,ethereum
1772305359536,1936.5265572482924,233854892158.5445,19605480991.967472,2026-02-28 19:02:39.536,ethereum
1772308949860,1946.6841798157511,234763567769.5526,20932186292.10135,2026-02-28 20:02:29.860,ethereum
1772312560962,1966.402666640805,237321415052.76825,21616871205.441975,2026-02-28 21:02:40.962,ethereum
1772316088735,1958.2340466195976,236092377308.9765,21582352691.000076,2026-02-28 22:01:28.735,ethereum
1772319734194,1967.8003921472757,237479778327.07358,22655545443.614227,2026-02-28 23:02:14.194,ethereum
1772323231493,1964.8431484232042,237132846286.00015,22296266706.368652,2026-03-01 00:00:31.493,ethereum
1772326963205,1962.8061325943845,236963780603.75406,21680644470.541245,2026-03-01 01:02:43.205,ethereum
1772330410869,2005.163426724106,241939130979.50702,22812258803.139114,2026-03-01 02:00:10.869,ethereum
1772334247601,2034.1333844837945,245549306546.52325,25096396670.67728,2026-03-01 03:04:07.601,ethereum
1772337754643,2023.5565790765372,243873521912.19498,25795811078.147346,2026-03-01 04:02:34.643,ethereum
1772341396087,2016.227848205158,243239980322.62518,27445854258.24058,2026-03-01 05:03:16.087,ethereum
1772345009856,2011.1408066839592,242737001204.44092,25242984973.647205,2026-03-01 06:03:29.856,ethereum
1772348410699,1999.0888151575637,241245753986.31592,25830146272.6397,2026-03-01 07:00:10.699,ethereum
1772352161007,2007.017766763457,242062585223.4181,23121684639.998394,2026-03-01 08:02:41.007,ethereum
1772355779825,1986.0925345737064,239541252141.45877,24119394203.508713,2026-03-01 09:02:59.825,ethereum
1772359436116,1980.8223585292903,239045948851.9954,23643237018.962013,2026-03-01 10:03:56.116,ethereum
1772362952585,1984.7004524034205,239451927162.16068,24026228853.6246,2026-03-01 11:02:32.585,ethereum
1772366525598,1983.6106960733432,239503758322.693,23167547987.433247,2026-03-01 12:02:05.598,ethereum
1772370190739,1978.6890977374528,238742065723.6093,22214816142.205017,2026-03-01 13:03:10.739,ethereum
1772373683449,2008.2875597987543,242741673730.75095,23200535107.614716,2026-03-01 14:01:23.449,ethereum
1772377388939,2001.1891766308695,241472528815.60468,23190509678.248684,2026-03-01 15:03:08.939,ethereum
1772381073147,1991.3290328504768,241553236619.8719,21843811372.989666,2026-03-01 16:04:33.147,ethereum
1772384645665,1971.6462824069931,238237737895.628,16842264804.885754,2026-03-01 17:04:05.665,ethereum
1772388145179,1963.7633037243756,237436224694.1094,22921514102.954376,2026-03-01 18:02:25.179,ethereum
1772391641362,1975.6073790809373,238445426611.3664,20317447623.14618,2026-03-01 19:00:41.362,ethereum
1772395223704,1953.9825728771195,235756195997.88605,22481487634.666935,2026-03-01 20:00:23.704,ethereum
1772398962486,1914.3873101275508,230792790650.5475,22589372565.26907,2026-03-01 21:02:42.486,ethereum
1772402559017,1930.0957345393858,232879135183.319,22485562468.563633,2026-03-01 22:02:39.017,ethereum
1772406197728,1923.0581714968055,232508818269.7662,22967395883.174007,2026-03-01 23:03:17.728,ethereum
1772409782648,1939.095764166877,233938159880.58466,23561863356.052166,2026-03-02 00:03:02.648,ethereum
1772413299303,1960.9700191183363,236677282278.8701,23495765308.09064,2026-03-02 01:01:39.303,ethereum
1772416947332,1964.0726940832183,237257122899.4836,22620817777.2267,2026-03-02 02:02:27.332,ethereum
1772420533695,1955.9338433943637,236220478730.59158,22209980313.63439,2026-03-02 03:02:13.695,ethereum
1772424128799,1972.3304157729185,238054794899.35486,20878568752.132534,2026-03-02 04:02:08.799,ethereum
1772427725140,1972.2880812145045,237898483792.16068,21746690708.570305,2026-03-02 05:02:05.140,ethereum
1772431324164,1971.6119722002986,238398483885.81848,21859751586.95767,2026-03-02 06:02:04.164,ethereum
1772434922110,1943.9143350284994,234679400528.84396,20627268589.317307,2026-03-02 07:02:02.110,ethereum
1772438522485,1940.2574797423551,234219488927.82062,20931904355.09717,2026-03-02 08:02:02.485,ethereum
1772442086376,1947.1588763386555,234879249407.91217,21919706779.361366,2026-03-02 09:01:26.376,ethereum
1772445764348,1947.8575023942249,235406596051.52444,21315092341.745037,2026-03-02 10:02:44.348,ethereum
1772449336655,1950.4456036498852,235135687743.34058,21298719373.74988,2026-03-02 11:02:16.655,ethereum
1772452974454,1947.3576094368823,235012396811.20926,20999106154.64873,2026-03-02 12:02:54.454,ethereum
1772456545230,1937.8858402214762,233920813839.59424,20787740502.46468,2026-03-02 13:02:25.230,ethereum
1772460217093,1926.8558916447564,232223926514.34543,20664167935.45658,2026-03-02 14:03:37.093,ethereum
1772463784599,1977.9437387960024,238338733481.54404,22764262480.20515,2026-03-02 15:03:04.599,ethereum
1772467390891,2047.0948360727766,246894509437.93634,26044893093.218094,2026-03-02 16:03:10.891,ethereum
1772470970913,2065.0359067698546,249057316810.86423,27141114851.84867,2026-03-02 17:02:50.913,ethereum
1772474555322,2040.4321367104928,246327109059.00818,27045084133.697258,2026-03-02 18:02:35.322,ethereum
1772478235029,2029.5122938125978,244927776575.21622,26648734005.111282,2026-03-02 19:03:55.029,ethereum
1772481787429,2042.1836608024716,246424701078.76624,26555528904.659084,2026-03-02 20:03:07.429,ethereum
1772485277735,2039.1948725123436,246475143908.23438,26591033962.40578,2026-03-02 21:01:17.735,ethereum
1772488999726,2043.8467875819167,246670489110.73492,26805468335.90576,2026-03-02 22:03:19.726,ethereum
1772492561829,2052.1195070665794,247688509777.01474,25837232104.430748,2026-03-02 23:02:41.829,ethereum
1772496206188,2027.3986070004544,244715081493.1851,25974880722.79558,2026-03-03 00:03:26.188,ethereum
1772499725832,2033.768424233588,244997129747.5811,27123424790.819275,2026-03-03 01:02:05.832,ethereum
1772503044654,2026.7497251054751,244701731881.5261,26085258356.838207,2026-03-03 01:57:24.654,ethereum
1772503399490,2020.56123903281,244519511849.7028,26846755862.594166,2026-03-03 02:03:19.490,ethereum
1772506976053,2014.1676541091824,242985923753.27805,26295908623.722065,2026-03-03 03:02:56.053,ethereum
1772510563737,2008.6600776114146,242310741029.87845,26624822846.85406,2026-03-03 04:02:43.737,ethereum
1772514206888,1999.5859149672062,241426390786.58392,25697875628.033455,2026-03-03 05:03:26.888,ethereum
1772517820155,1992.7077218603865,239974617076.61713,27166729395.460285,2026-03-03 06:03:40.155,ethereum
1772521446700,1998.3499730104418,240942967037.30252,26842251717.835,2026-03-03 07:04:06.700,ethereum
1772524806485,1995.5568983677642,240818040648.4752,25642328627.59412,2026-03-03 08:00:06.485,ethereum
1772528437126,1952.1418883251347,235559405417.9463,25948694937.75967,2026-03-03 09:00:37.126,ethereum
1772532041733,1951.014766774969,235502602154.56305,25356380265.254135,2026-03-03 10:00:41.733,ethereum
1772535854131,1956.6288756341273,236185777438.39056,26577950060.54825,2026-03-03 11:04:14.131,ethereum
1772539241126,1962.0772700706116,236838529458.4981,26730233243.376125,2026-03-03 12:00:41.126,ethereum
1772542892099,1967.1996148274636,237457039934.14066,27237535117.34553,2026-03-03 13:01:32.099,ethereum
1772546606492,1951.6844285172385,235203616841.7543,27673204065.21574,2026-03-03 14:03:26.492,ethereum
1772550256773,1943.7263812633669,234878109404.23062,27305221740.20332,2026-03-03 15:04:16.773,ethereum
1772553766868,1968.2197041260965,237100226014.09802,25683988494.22292,2026-03-03 16:02:46.868,ethereum
1772557334355,1984.9708845331047,239765720391.33035,25137928945.449093,2026-03-03 17:02:14.355,ethereum
1772561031507,1983.2636007799517,239064141650.7687,25441126821.401028,2026-03-03 18:03:51.507,ethereum
1772564563674,1988.6328970199552,240031103738.05893,24951601071.674202,2026-03-03 19:02:43.674,ethereum
1772568176898,1986.9780156580532,239784109587.64798,25651355993.36781,2026-03-03 20:02:56.898,ethereum
1772571678640,1976.268519513368,238244710529.91348,24763711172.9723,2026-03-03 21:01:18.640,ethereum
1772575356916,1969.0111107825912,237734025387.46832,24981704752.566124,2026-03-03 22:02:36.916,ethereum
1772578826370,1982.0769158569274,239287558466.03027,24321017040.30863,2026-03-03 23:00:26.370,ethereum
1772582542567,1981.402086858615,239255669201.7737,24332544755.468235,2026-03-04 00:02:22.567,ethereum
1772586183449,1978.0156975395248,238542670211.9898,24159916494.27491,2026-03-04 01:03:03.449,ethereum
1772589728464,1981.9308895240802,239492696508.21454,24331414201.718834,2026-03-04 02:02:08.464,ethereum
1772593441964,1978.570230671643,238969864793.72455,23110902223.510868,2026-03-04 03:04:01.964,ethereum
1772596992188,1960.3803612865781,236600850646.05405,24375658632.487915,2026-03-04 04:03:12.188,ethereum
1772600691657,1960.7021131225038,236717864661.19656,23514118805.18166,2026-03-04 05:04:51.657,ethereum
1772604223648,1971.6974845203515,238039491869.57062,24071244296.303986,2026-03-04 06:03:43.648,ethereum
1772607724811,1980.0840916510497,238937855442.4782,24103505543.41219,2026-03-04 07:02:04.811,ethereum
1772611321282,2005.863478287176,241529765604.80994,23937586663.305927,2026-03-04 08:02:01.282,ethereum
1772614993258,2064.0266423165076,248579165157.01138,25734594614.638496,2026-03-04 09:03:13.258,ethereum
1772618482163,2074.7518644095376,250184811486.6431,26923196367.13413,2026-03-04 10:01:22.163,ethereum
1772622201997,2072.0551417144466,249905747653.08398,27710381289.850716,2026-03-04 11:03:21.997,ethereum
1772625765556,2055.573711186219,248110250033.75476,27601750262.445007,2026-03-04 12:02:45.556,ethereum
1772629410132,2053.722435820589,247868301585.39734,27593777003.968502,2026-03-04 13:03:30.132,ethereum
1772632988761,2064.3581299245093,249171610697.21863,28229224617.59865,2026-03-04 14:03:08.761,ethereum
1772636568750,2084.5762962113567,250841406105.5361,29376449856.017952,2026-03-04 15:02:48.750,ethereum
1772640207826,2150.3925050663506,258874810060.84726,31439367070.558624,2026-03-04 16:03:27.826,ethereum
1772643799382,2143.0771493467278,258685403526.64697,31204266236.380825,2026-03-04 17:03:19.382,ethereum
1772647410540,2147.0371850591255,259224993322.18866,31662913241.085823,2026-03-04 18:03:30.540,ethereum
1772650975057,2162.208620313557,260961498011.80493,31407370027.215553,2026-03-04 19:02:55.057,ethereum
1772654635663,2179.3034097539403,263059434323.40552,33369805294.305428,2026-03-04 20:03:55.663,ethereum
1772658132149,2155.6855981582416,260336750868.5571,32833037208.61816,2026-03-04 21:02:12.149,ethereum
1772661694094,2150.7279943966005,259176958315.15317,33819978124.79538,2026-03-04 22:01:34.094,ethereum
1772665333130,2132.1752731699717,256891223485.27667,34068146053.079926,2026-03-04 23:02:13.130,ethereum
1772668962758,2127.5395593313337,256460103312.01343,34254034858.02505,2026-03-05 00:02:42.758,ethereum
1772672614887,2128.9595318254815,257139844118.00977,34333250927.359577,2026-03-05 01:03:34.887,ethereum
1772676221015,2114.0835806007112,254956643165.21,34232813574.931076,2026-03-05 02:03:41.015,ethereum
1772679656874,2121.0508084832863,255941735751.14276,34516567386.67762,2026-03-05 03:00:56.874,ethereum
1772683381674,2120.114262196051,255918421972.8229,33201776303.241257,2026-03-05 04:03:01.674,ethereum
1772687002109,2137.4506740783195,258020255635.28232,31152552156.34291,2026-03-05 05:03:22.109,ethereum
1772690566722,2118.757947320142,255733714380.72778,34447461979.69606,2026-03-05 06:02:46.722,ethereum
1772694222188,2128.4988410038313,256951841882.2606,33710113895.110996,2026-03-05 07:03:42.188,ethereum
1772697694493,2103.1852983306158,253502395017.62735,34704537237.417854,2026-03-05 08:01:34.493,ethereum
1772701391091,2117.1768323491838,255209625837.8601,32141744798.145195,2026-03-05 09:03:11.091,ethereum
1772704814220,2124.9191886421886,256550479851.80734,31832956011.21022,2026-03-05 10:00:14.220,ethereum
1772708590653,2156.914380289229,260714562182.34222,30374808300.46275,2026-03-05 11:03:10.653,ethereum
1772712059704,2138.0647220077653,258085344831.3392,30018483883.268448,2026-03-05 12:00:59.704,ethereum
1772715783750,2139.533923820458,258244804238.81924,30159674073.432056,2026-03-05 13:03:03.750,ethereum
1772719414250,2118.5275661945584,256206373298.24603,29291717287.07168,2026-03-05 14:03:34.250,ethereum
1772722942866,2118.652533203664,255155674613.1787,29016037533.57172,2026-03-05 15:02:22.866,ethereum
1772726625734,2084.259312311558,251246711813.4863,26808260264.721966,2026-03-05 16:03:45.734,ethereum
1772730185763,2080.834129319046,251160675461.69016,26572846685.725716,2026-03-05 17:03:05.763,ethereum
1772733840108,2059.6879721491946,248577884318.1885,25180069993.09735,2026-03-05 18:04:00.108,ethereum
1772737270877,2075.918386887758,250517711395.89227,25715085693.487347,2026-03-05 19:01:10.877,ethereum
1772740962681,2075.1310717157153,250428905560.00656,24477507995.792778,2026-03-05 20:02:42.681,ethereum
1772744561496,2093.0704153795728,252456593981.21988,24382679596.12097,2026-03-05 21:02:41.496,ethereum
1772748197247,2080.8081782518916,251050840367.3512,24059115853.73907,2026-03-05 22:03:17.247,ethereum
1772751746930,2081.3964578660493,251492073520.53976,22863472742.429047,2026-03-05 23:02:26.930,ethereum
1772755393882,2073.044331238617,250268358263.60947,23237720682.87156,2026-03-06 00:03:13.882,ethereum
1772759005069,2074.5370717489996,250293901385.56635,22849056745.738033,2026-03-06 01:03:25.069,ethereum
1772762601326,2087.5727549691305,251987125499.55267,22648962765.118534,2026-03-06 02:03:21.326,ethereum
1772766119543,2083.5272514680078,251422935982.11484,21886178198.13142,2026-03-06 03:01:59.543,ethereum
1772769781563,2083.1395882671072,251243592539.66867,21730612183.017975,2026-03-06 04:03:01.563,ethereum
1772773210377,2069.5312839432972,249908375092.03418,21485589173.418625,2026-03-06 05:00:10.377,ethereum
1772776954088,2068.8448704797224,249728760392.65802,21906199534.919735,2026-03-06 06:02:34.088,ethereum
1772780534668,2074.749060715415,250430896140.24207,21024451034.66014,2026-03-06 07:02:14.668,ethereum
1772784194104,2082.7662883444423,251405324889.28104,20801590941.11828,2026-03-06 08:03:14.104,ethereum
1772787619252,2075.3711533438845,250502938486.57678,20367341214.78218,2026-03-06 09:00:19.252,ethereum
1772791335637,2059.3418197800333,248480287156.8588,19860735079.310406,2026-03-06 10:02:15.637,ethereum
1772795015715,2062.9849863148424,249208488465.1724,20626433379.242626,2026-03-06 11:03:35.715,ethereum
1772798606193,2050.593709118484,247573070391.41302,19422313671.52331,2026-03-06 12:03:26.193,ethereum
1772802182814,2049.2665562967377,247332157535.45108,20084949571.45602,2026-03-06 13:03:02.814,ethereum
1772805818626,2017.047163266689,243964845361.35687,20904961842.477745,2026-03-06 14:03:38.626,ethereum
1772809386385,1981.7821985199919,238547113827.7009,22134179074.903957,2026-03-06 15:03:06.385,ethereum
1772812960821,1977.6239796025125,238628666128.63434,21351147993.95419,2026-03-06 16:02:40.821,ethereum
1772816608939,1971.1851533662496,237946617171.05634,21152138123.499317,2026-03-06 17:03:28.939,ethereum
1772820199538,1967.4604619146398,237502209221.66223,21113798381.631176,2026-03-06 18:03:19.538,ethereum
1772823781750,1974.9148054972716,238467709826.63232,19908367302.3396,2026-03-06 19:03:01.750,ethereum
1772827345573,1984.1726116377824,239494850620.45358,19895725542.928745,2026-03-06 20:02:25.573,ethereum
1772830941022,1980.3531024762194,239040121570.01938,19907452032.766846,2026-03-06 21:02:21.022,ethereum
1772834612801,1983.9366787606157,239417833722.6813,19661813114.375,2026-03-06 22:03:32.801,ethereum
1772838167879,1987.9279378264857,239984263412.3078,20417131130.23211,2026-03-06 23:02:47.879,ethereum
1772841775827,1978.7065114540444,238752243867.91223,19334739703.585934,2026-03-07 00:02:55.827,ethereum
1772845333749,1981.82517686465,239239725263.35895,19233094002.58815,2026-03-07 01:02:13.749,ethereum
1772848988029,1981.0883515357011,239145207825.6313,18717164191.38168,2026-03-07 02:03:08.029,ethereum
1772852590504,1983.2493666107002,239337714947.3903,18773398759.359562,2026-03-07 03:03:10.504,ethereum
1772856182982,1980.3151370198484,239032950383.646,18573772341.67018,2026-03-07 04:03:02.982,ethereum
1772859785752,1975.5708491871005,238556048401.12958,18529236394.830444,2026-03-07 05:03:05.752,ethereum
1772863377882,1977.9373509618629,238750398959.37204,18219131887.214115,2026-03-07 06:02:57.882,ethereum
1772866967403,1972.2527459764772,238114638981.2816,18859891280.20167,2026-03-07 07:02:47.403,ethereum
1772870623458,1982.1163284513907,239296713527.46274,18185149213.711967,2026-03-07 08:03:43.458,ethereum
1772874094512,1977.449056676776,238653830485.55695,18329808215.090385,2026-03-07 09:01:34.512,ethereum
1772877675751,1986.5744622657578,239785624923.39136,17494041309.257442,2026-03-07 10:01:15.751,ethereum
1772881264890,1984.043931346829,239417795288.0811,17944223752.670845,2026-03-07 11:01:04.890,ethereum
1772885035440,1988.8070268191993,240019039575.13312,16888898397.023294,2026-03-07 12:03:55.440,ethereum
1772888554956,1982.2405623561851,239210886818.7284,15607317065.779636,2026-03-07 13:02:34.956,ethereum
1772892213604,1981.524750798637,239076716280.61594,15186988827.712454,2026-03-07 14:03:33.604,ethereum
1772892351000,1978.159698956387,238748173057.8041,14831029928.587948,2026-03-07 14:05:51.000,ethereum
1770303771905,89.25846769253157,50764781887.97633,9268317442.590359,2026-02-05 15:02:51.905,solana
1770307367633,84.58835202267122,48006868476.55114,9680868369.10417,2026-02-05 16:02:47.633,solana
1770310887380,85.37995216455664,48353172079.24005,9912782104.08791,2026-02-05 17:01:27.380,solana
1770314588183,82.85124373741391,46980552313.44905,9940217242.614307,2026-02-05 18:03:08.183,solana
1770318156542,82.31743970318874,46347445641.78467,9947817245.852917,2026-02-05 19:02:36.542,solana
1770321784313,81.50777587995688,46204135636.20166,9833082346.657318,2026-02-05 20:03:04.313,solana
1770325432535,78.73838350685708,44548876077.78477,10592161537.161173,2026-02-05 21:03:52.535,solana
1770328990909,78.91962712282597,44717669693.134834,10950659525.105389,2026-02-05 22:03:10.909,solana
1770332590769,79.84741124136488,45265818211.09857,11267952120.954153,2026-02-05 23:03:10.769,solana
1770336186068,78.31876183201973,44462857923.66469,11375810342.667374,2026-02-06 00:03:06.068,solana
1770339764210,75.7586109382074,42864659884.43145,13266126686.970854,2026-02-06 01:02:44.210,solana
1770343352028,79.28892729749931,44812038811.914536,13787715265.660566,2026-02-06 02:02:32.028,solana
1770346971241,76.93640738237566,43622478590.02337,14222562018.745525,2026-02-06 03:02:51.241,solana
1770350594988,76.29744196428166,43178147951.12791,14349546440.46557,2026-02-06 04:03:14.988,solana
1770354173614,77.68390054095357,44012395406.86859,13933782440.75108,2026-02-06 05:02:53.614,solana
1770357798555,80.79203378820436,45630655796.05966,14633484451.304604,2026-02-06 06:03:18.555,solana
1770361403242,79.48202845751472,45070706133.265114,14625805672.019598,2026-02-06 07:03:23.242,solana
1770365010261,79.52252796429445,45064810276.949455,14457083894.194168,2026-02-06 08:03:30.261,solana
1770368560010,79.00655692979477,44779238697.37394,14549633261.480589,2026-02-06 09:02:40.010,solana
1770372074781,81.32785012614703,46092348488.07846,14709568936.13373,2026-02-06 10:01:14.781,solana
1770375794303,80.77296478102664,45800137905.43288,15018088975.492308,2026-02-06 11:03:14.303,solana
1770379411279,81.11463825677137,45980626251.9633,14502147571.057524,2026-02-06 12:03:31.279,solana
1770383014045,81.62550380793172,46245017367.30858,14491299343.577398,2026-02-06 13:03:34.045,solana
1770386484154,83.30302977066468,47270948684.290276,15250842261.177134,2026-02-06 14:01:24.154,solana
1770390188120,84.16142486546833,47708279373.600586,15488992487.54048,2026-02-06 15:03:08.120,solana
1770393815701,84.43248804703317,47905935563.05496,14531476874.399307,2026-02-06 16:03:35.701,solana
1770397390241,86.71164547760446,49120934023.204094,14976434430.335564,2026-02-06 17:03:10.241,solana
1770400952461,86.8341734412481,49258773493.646706,14933148345.464647,2026-02-06 18:02:32.461,solana
1770404533260,86.31385947793267,48920353230.36607,14762633947.655632,2026-02-06 19:02:13.260,solana
1770408158784,87.01467393245487,49308141669.04231,14376998872.386473,2026-02-06 20:02:38.784,solana
1770411794099,87.02580402823739,49323166465.29064,13970028158.449333,2026-02-06 21:03:14.099,solana
1770415413146,87.98423495142829,49858257833.76732,13022562069.658985,2026-02-06 22:03:33.146,solana
1770418954135,89.27741656049784,50633372091.94649,12919357304.423143,2026-02-06 23:02:34.135,solana
1770422580455,87.49524739680209,49603299711.008316,12642293149.067543,2026-02-07 00:03:00.455,solana
1770426183710,86.68153396610457,49147753596.17729,10882984400.470818,2026-02-07 01:03:03.710,solana
1770429751501,87.17964787099795,49477702021.32869,10072444738.994541,2026-02-07 02:02:31.501,solana
1770433390300,87.14142734329847,49413367780.1215,9544051995.38013,2026-02-07 03:03:10.300,solana
1770436849550,87.99253331315376,49918487999.18859,9240039643.434458,2026-02-07 04:00:49.550,solana
1770440617516,87.55294992721174,49631068961.92127,9139085234.56967,2026-02-07 05:03:37.516,solana
1770444245250,87.73810367374428,49783239481.02881,8952687430.51126,2026-02-07 06:04:05.250,solana
1770447792840,86.9410873211959,49340974912.463486,8846148124.141182,2026-02-07 07:03:12.840,solana
1770451420456,85.38211802615136,48436360329.3577,8936162960.287466,2026-02-07 08:03:40.456,solana
1770454950458,85.44127016217938,48473281600.31725,8617698493.532658,2026-02-07 09:02:30.458,solana
1770458604185,85.05764235281787,48249339501.20374,8416821446.135347,2026-02-07 10:03:24.185,solana
1770462149588,84.92706329155006,48173085312.20367,8105066309.895173,2026-02-07 11:02:29.588,solana
1770465790285,84.8554118752318,48151001487.02836,8087174298.131989,2026-02-07 12:03:10.285,solana
1770469367775,86.17592861544885,48891128772.55698,8180887133.003871,2026-02-07 13:02:47.775,solana
1770472955240,85.96501968725394,48765701293.60235,7709045756.903479,2026-02-07 14:02:35.240,solana
1770476601763,85.67072482711899,48615800488.66681,7200873641.983717,2026-02-07 15:03:21.763,solana
1770480230317,86.38934607577156,48993363497.97624,6831358056.342676,2026-02-07 16:03:50.317,solana
1770483820943,86.9386577919443,49301395730.2178,7342647871.522658,2026-02-07 17:03:40.943,solana
1770487434819,87.46301156751606,49595308821.684425,6893623267.381297,2026-02-07 18:03:54.819,solana
1770491008386,88.7964178554302,50373549009.99304,6795315411.206142,2026-02-07 19:03:28.386,solana
1770494597746,88.28081277581737,50090111444.93951,6512263294.877996,2026-02-07 20:03:17.746,solana
1770498184191,88.81991593987976,50386044655.11315,6216669877.485342,2026-02-07 21:03:04.191,solana
1770501766000,88.20253080624242,50074868097.69873,6015804431.12559,2026-02-07 22:02:46.000,solana
1770505399994,88.28652321422065,50095576565.02536,5672413942.935511,2026-02-07 23:03:19.994,solana
1770509037825,87.63240901941977,49726666815.53885,5437049917.598046,2026-02-08 00:03:57.825,solana
1770512659945,87.22607252264504,49489345193.879326,5301752006.2177515,2026-02-08 01:04:19.945,solana
1770516225836,87.84797097708827,49844412610.64086,5168272469.385033,2026-02-08 02:03:45.836,solana
1770519846667,87.19343388606623,49463217585.04392,5102493827.616375,2026-02-08 03:04:06.667,solana
1770523411763,86.83207567634855,49294493901.88859,4951365038.792543,2026-02-08 04:03:31.763,solana
1770526988303,87.17856099706687,49435581783.52544,4694132741.388634,2026-02-08 05:03:08.303,solana
1770530669854,87.14551212934096,49443859127.74073,4623203237.720911,2026-02-08 06:04:29.854,solana
1770534233035,87.11568009313135,49447603868.83896,4497864917.854193,2026-02-08 07:03:53.035,solana
1770537863922,87.21497196305077,49486098765.84267,4147547113.324441,2026-02-08 08:04:23.922,solana
1770541460199,88.45533742337473,50187672596.523506,4126170273.3674197,2026-02-08 09:04:20.199,solana
1770545013199,87.65558053367965,49761644705.68653,4030010759.6060114,2026-02-08 10:03:33.199,solana
1770548629106,86.90623021658949,49319281219.33692,4142452844.2052135,2026-02-08 11:03:49.106,solana
1770552265741,88.11543522835824,49993882369.6127,4089830567.64013,2026-02-08 12:04:25.741,solana
1770555888965,88.03738548170953,49941162866.05554,3904911751.0031276,2026-02-08 13:04:48.965,solana
1770559447219,88.4029516070266,50160121554.36335,4062879831.9939365,2026-02-08 14:04:07.219,solana
1770562996307,88.28551593997045,50084893794.50539,3946884463.3642006,2026-02-08 15:03:16.307,solana
1770566652742,87.62350307113813,49719573808.92472,4003301622.0710325,2026-02-08 16:04:12.742,solana
1770570235322,86.19523982845804,48914592184.4318,3164872340.2250566,2026-02-08 17:03:55.322,solana
1770573799610,86.87476364710065,49280461585.698166,3061388461.472183,2026-02-08 18:03:19.610,solana
1770577441766,87.92798209951748,49925349428.55085,3132758883.521004,2026-02-08 19:04:01.766,solana
1770581056999,88.35891038963699,50125945199.966835,3019376431.8444486,2026-02-08 20:04:16.999,solana
1770584631301,86.93215831625471,49360102871.16551,3087415523.3697686,2026-02-08 21:03:51.301,solana
1770588220998,86.49921360393581,49050129326.40412,3072271254.101747,2026-02-08 22:03:40.998,solana
1770591789245,86.99143239728143,49354932303.34188,3080893122.897097,2026-02-08 23:03:09.245,solana
1770595439446,87.11390635274802,49432487078.29219,3363491978.189641,2026-02-09 00:03:59.446,solana
1770599044557,86.92407096588616,49278718797.074875,3343040156.2440147,2026-02-09 01:04:04.557,solana
1770602538778,86.34270430646397,48984042417.76168,3423436578.066022,2026-02-09 02:02:18.778,solana
1770606272818,87.09937342118661,49420419509.523094,3532710462.74721,2026-02-09 03:04:32.818,solana
1770609826581,87.57678082051082,49721158638.517105,3539691652.5690846,2026-02-09 04:03:46.581,solana
1770613457754,87.0256818639857,49379304740.688,3536328144.068607,2026-02-09 05:04:17.754,solana
1770617071049,87.1321548254401,49438508130.01461,3546600662.3387346,2026-02-09 06:04:31.049,solana
1770620580799,86.36973271511219,49011769807.57604,3661460357.897137,2026-02-09 07:03:00.799,solana
1770624284385,85.44933416447554,48501826791.82922,3686276867.7240653,2026-02-09 08:04:44.385,solana
1770627888408,84.50013831212915,47960817096.89097,3810892177.008018,2026-02-09 09:04:48.408,solana
1770631445051,84.14717783555359,47707481109.94592,3858292487.2671537,2026-02-09 10:04:05.051,solana
1770635019885,83.19917710887798,47191815711.04386,3839041363.030093,2026-02-09 11:03:39.885,solana
1770638632123,83.34029893030832,47278064034.60255,3832635655.6136622,2026-02-09 12:03:52.123,solana
1770642179652,83.97893515662155,47677202316.49496,3827853952.479255,2026-02-09 13:02:59.652,solana
1770645630235,83.83623426850583,47573670315.94172,3837196101.028693,2026-02-09 14:00:30.235,solana
1770649484120,84.91594420374497,48143993527.50467,3993180644.2502584,2026-02-09 15:04:44.120,solana
1770653061908,85.24024871862959,48388132557.227776,4036190659.144871,2026-02-09 16:04:21.908,solana
1770656647373,86.14740815402759,48949783198.67398,4096543089.2380633,2026-02-09 17:04:07.373,solana
1770660033348,87.6949730119045,49758793605.47716,4324380869.574193,2026-02-09 18:00:33.348,solana
1770663826330,87.44162698118431,49626354196.70031,4506796311.287168,2026-02-09 19:03:46.330,solana
1770667416500,87.92147825424858,49902314272.65823,4521389151.8544445,2026-02-09 20:03:36.500,solana
1770671059215,87.7055336661161,49760872888.80792,4599003896.774201,2026-02-09 21:04:19.215,solana
1770674601026,87.18933653283004,49436862299.68538,4746758392.398651,2026-02-09 22:03:21.026,solana
1770678205611,87.05805922287414,49402915081.25488,4647352558.645537,2026-02-09 23:03:25.611,solana
1770681834023,86.71049947509118,49214264988.87675,4385623090.581994,2026-02-10 00:03:54.023,solana
1770685434229,86.36767742873677,49016582238.83982,4352272770.494838,2026-02-10 01:03:54.229,solana
1770689051696,87.19180754621965,49492420698.62269,4250458444.2961955,2026-02-10 02:04:11.696,solana
1770692612891,86.58526519053721,49132499426.04572,4177649168.394304,2026-02-10 03:03:32.891,solana
1770696179802,85.72478045950606,48638658151.56972,4215720228.6559453,2026-02-10 04:02:59.802,solana
1770699779894,86.49096785954369,49061193867.20383,4233506506.765372,2026-02-10 05:02:59.894,solana
1770703378603,85.80418714593574,48684444481.014175,4302258713.84897,2026-02-10 06:02:58.603,solana
1770707001978,84.53320831868086,47962749241.69149,4317900882.613648,2026-02-10 07:03:21.978,solana
1770710550739,84.52901863507483,47966845878.746704,4297764220.261461,2026-02-10 08:02:30.739,solana
1770714182981,84.57242049134564,48002867865.9913,4125047317.9712224,2026-02-10 09:03:02.981,solana
1770717786268,84.49227329636291,47955374979.25001,4107360370.533616,2026-02-10 10:03:06.268,solana
1770721346072,84.1800990772947,47777290731.77176,3943549046.851028,2026-02-10 11:02:26.072,solana
1770725024478,83.8341755215754,47586347123.76383,3979376162.857382,2026-02-10 12:03:44.478,solana
1770728580172,83.90383610290951,47628681003.36492,3937167418.578596,2026-02-10 13:03:00.172,solana
1770732179920,84.56662372173173,47987885089.42868,3981121976.992628,2026-02-10 14:02:59.920,solana
1770735758853,83.71360950554718,47513002573.312355,4055633041.2020087,2026-02-10 15:02:38.853,solana
1770739383186,84.22424840018472,47773364785.90153,4097883466.4499626,2026-02-10 16:03:03.186,solana
1770743004437,84.4061355009356,47904578281.54919,4080946621.567708,2026-02-10 17:03:24.437,solana
1770746437877,84.80930590825467,48126843094.389694,3879381043.517883,2026-02-10 18:00:37.877,solana
1770750150883,82.99136750650997,47099566235.01392,3752085251.187999,2026-02-10 19:02:30.883,solana
1770753793224,83.09594335091818,47160430315.85122,3732101180.62592,2026-02-10 20:03:13.224,solana
1770757241996,82.59763094266212,46891812712.557434,3632647500.970844,2026-02-10 21:00:41.996,solana
1770761011377,82.36766340743877,46726157930.8729,3588719766.313195,2026-02-10 22:03:31.377,solana
1770764565912,82.60802751646409,46897843417.414665,3577771498.891217,2026-02-10 23:02:45.912,solana
1770768232034,82.86852109504584,47040819950.99199,3323049605.530851,2026-02-11 00:03:52.034,solana
1770771778844,83.43928830982924,47371692629.31144,3569436659.6857715,2026-02-11 01:02:58.844,solana
1770775394454,83.63352195676231,47480843029.05487,3541833427.3628874,2026-02-11 02:03:14.454,solana
1770778814518,83.64639873679698,47527949287.650185,3568300164.1507354,2026-02-11 03:00:14.518,solana
1770782528713,83.36717959948786,47330961650.37053,3577315013.0901575,2026-02-11 04:02:08.713,solana
1770786239889,81.94592295387164,46547703551.2873,3634813869.592633,2026-02-11 05:03:59.889,solana
1770789788410,81.86750196107943,46482970202.98823,3590204153.546029,2026-02-11 06:03:08.410,solana
1770793398603,80.8367808000064,45904119842.17356,3617097950.08683,2026-02-11 07:03:18.603,solana
1770797012461,81.09755425853518,46064264679.139626,3651719320.2654986,2026-02-11 08:03:32.461,solana
1770800640923,81.04274912275449,46006931788.470505,3565141629.764788,2026-02-11 09:04:00.923,solana
1770804222211,80.73515750037221,45847798419.607666,3530965927.2466927,2026-02-11 10:03:42.211,solana
1770807695992,80.52190004492708,45703007495.99981,3609861705.755177,2026-02-11 11:01:35.992,solana
1770811465153,81.19679125698362,46102204078.63647,3559145613.678397,2026-02-11 12:04:25.153,solana
1770814923057,81.13503764888105,46060832379.91992,3578139172.3906913,2026-02-11 13:02:03.057,solana
1770818439778,81.29993406354052,46152605125.30536,3728204916.0162625,2026-02-11 14:00:39.778,solana
1770822143722,80.38283822196293,45803438006.56126,3975942986.4377236,2026-02-11 15:02:23.722,solana
1770825816353,79.84170294711112,45368738023.09601,4085103234.520026,2026-02-11 16:03:36.353,solana
1770829376846,78.82264774038215,44788014114.6912,3921967214.125897,2026-02-11 17:02:56.846,solana
1770833032720,79.2417117805098,45001467468.72688,4332140732.334478,2026-02-11 18:03:52.720,solana
1770836470258,79.77059582990915,45291435398.20548,4273079643.3552637,2026-02-11 19:01:10.258,solana
1770840149955,79.72374245496654,45292518130.77502,4268255473.874612,2026-02-11 20:02:29.955,solana
1770843639651,79.59318844790539,45170466537.49267,4278032261.709734,2026-02-11 21:00:39.651,solana
1770847334493,80.24091420913636,45570025850.14136,3835616664.226921,2026-02-11 22:02:14.493,solana
1770850976481,79.55868214762354,45231531480.24828,4216933396.439191,2026-02-11 23:02:56.481,solana
1770854595544,79.21050883625789,45008377201.46702,4238908097.782234,2026-02-12 00:03:15.544,solana
1770858216998,79.97874476673542,45413306412.622734,3959667571.2263875,2026-02-12 01:03:36.998,solana
1770861735193,80.35901365432552,45631661035.66156,4296880786.952116,2026-02-12 02:02:15.193,solana
1770865326963,80.29440232602764,45595455097.89135,4269033367.0005445,2026-02-12 03:02:06.963,solana
1770868956413,80.46751603457528,45674450368.031624,4530053275.266947,2026-02-12 04:02:36.413,solana
1770872542363,80.38709133319061,45654234585.564514,4514029604.215621,2026-02-12 05:02:22.363,solana
1770876194894,80.42645421441804,45657294335.75214,4468972803.460021,2026-02-12 06:03:14.894,solana
1770879753758,80.48742946863732,45739173094.51775,4316214912.415519,2026-02-12 07:02:33.758,solana
1770883393925,80.69823811279076,45825259707.829704,4250405792.569255,2026-02-12 08:03:13.925,solana
1770886827864,80.5609368885626,45723625672.24574,4216044078.619401,2026-02-12 09:00:27.864,solana
1770890569611,81.66439237135944,46314894232.285645,4391356731.337524,2026-02-12 10:02:49.611,solana
1770894150909,82.01544470760733,46488630260.177414,4397734713.498249,2026-02-12 11:02:30.909,solana
1770897797652,81.83928596496713,46461201997.52011,4311180381.127731,2026-02-12 12:03:17.652,solana
1770901404457,81.06403923272735,46030965794.748604,4382873684.196918,2026-02-12 13:03:24.457,solana
1770904978811,81.78102481979697,46312968291.870834,4328751093.8614025,2026-02-12 14:02:58.811,solana
1770908561963,81.29214781650546,46160742878.610054,4000676802.0552673,2026-02-12 15:02:41.963,solana
1770912145199,80.3155196293081,45694659524.87448,3793221631.2006993,2026-02-12 16:02:25.199,solana
1770915793331,78.45347400688149,44567050978.06289,3859017409.5938015,2026-02-12 17:03:13.331,solana
1770919339677,77.95097134300822,44300106781.68528,3873374999.455784,2026-02-12 18:02:19.677,solana
1770923004485,77.63363155274118,44110106744.204636,3803785520.2716265,2026-02-12 19:03:24.485,solana
1770926479541,77.6081498146553,44149463537.81222,3953323580.0642786,2026-02-12 20:01:19.541,solana
1770930096569,76.81074651542316,43613842269.80272,3906083522.6521177,2026-02-12 21:01:36.569,solana
1770933775108,77.31781269408803,43903900693.508766,3803629553.5413227,2026-02-12 22:02:55.108,solana
1770937301335,77.83439424725547,44150850520.88321,3924238829.470308,2026-02-12 23:01:41.335,solana
1770940968660,78.28829432271178,44449474908.37649,3834640225.2758503,2026-02-13 00:02:48.660,solana
1770944586073,77.8654812487099,44196748421.11076,3940013930.74336,2026-02-13 01:03:06.073,solana
1770948183021,78.5245325864963,44583296629.93758,3935974042.817906,2026-02-13 02:03:03.021,solana
1770951628498,79.06860796763068,44878381845.854706,3961534915.306091,2026-02-13 03:00:28.498,solana
1770955461029,78.92237418015027,44831982599.5766,3888555020.7795997,2026-02-13 04:04:21.029,solana
1770959002204,78.54343868130984,44601354834.24113,3983380233.687382,2026-02-13 05:03:22.204,solana
1770962505371,78.42282576103526,44578987082.5194,3932813115.096789,2026-02-13 06:01:45.371,solana
1770966049561,78.15144685881079,44311763701.93605,3935508768.8371487,2026-02-13 07:00:49.561,solana
1770969795185,78.88270620894336,44743300918.652115,3983561883.196179,2026-02-13 08:03:15.185,solana
1770973443196,79.62251304243328,45217713795.857216,3934195407.5389795,2026-02-13 09:04:03.196,solana
1770976954240,79.76948383962913,45294784968.87313,3893969419.4840946,2026-02-13 10:02:34.240,solana
1770980555238,80.36458423941309,45663042569.02174,3944118718.9973516,2026-02-13 11:02:35.238,solana
1770984085417,80.19934140053678,45538770100.997765,3922897790.96732,2026-02-13 12:01:25.417,solana
1770987678209,80.00433128628329,45438545481.13412,3870640249.971623,2026-02-13 13:01:18.209,solana
1770991331346,80.2979415883036,45577740074.73399,3885384307.285553,2026-02-13 14:02:11.346,solana
1770994933514,81.34549544607776,46296768393.64693,4106019591.7240644,2026-02-13 15:02:13.514,solana
1770998525020,83.06582736454217,47158630578.45213,4338250109.538918,2026-02-13 16:02:05.020,solana
1771002001837,84.38166880207166,47919878241.1782,4226926279.9192023,2026-02-13 17:00:01.837,solana
1771005627470,84.35299473969377,47893179638.691216,4122653792.5394454,2026-02-13 18:00:27.470,solana
1771009310559,85.37814447275258,48486308253.32312,4214110700.4243193,2026-02-13 19:01:50.559,solana
1771012979742,84.7115695479786,48140703057.22855,4087332222.705762,2026-02-13 20:02:59.742,solana
1771016611633,84.7518838540852,48168097972.5731,4035499091.184538,2026-02-13 21:03:31.633,solana
1771020218043,84.67110560540972,48076036494.88574,4090353410.3547044,2026-02-13 22:03:38.043,solana
1771023758081,84.54515198879155,48020829892.787415,3963940196.4330587,2026-02-13 23:02:38.081,solana
1771027335695,84.3036938037045,47866759826.69745,3871002496.6707788,2026-02-14 00:02:15.695,solana
1771030932223,84.94148688708539,48212334411.310295,3867648546.4799953,2026-02-14 01:02:12.223,solana
1771034493209,84.95571997725357,48244460756.5896,3839917905.8995833,2026-02-14 02:01:33.209,solana
1771038038057,84.8182931845826,48176718157.74198,3800925057.417951,2026-02-14 03:00:38.057,solana
1771041711197,85.00689808698274,48279651224.63132,3749551846.654482,2026-02-14 04:01:51.197,solana
1771045366357,84.81572794128198,48179592337.564705,3685980233.3042135,2026-02-14 05:02:46.357,solana
1771048975052,84.67288593594567,48111040507.52237,3667873413.391926,2026-02-14 06:02:55.052,solana
1771052446842,84.81637869958014,48152442377.384705,3605019099.143514,2026-02-14 07:00:46.842,solana
1771056222097,85.14115743631191,48318468921.29163,3573559214.985306,2026-02-14 08:03:42.097,solana
1771059781732,86.1100305372664,48865736363.6735,3722833353.677857,2026-02-14 09:03:01.732,solana
1771063345430,85.99805480061556,48843665519.4322,3681142383.1841383,2026-02-14 10:02:25.430,solana
1771066962199,85.78852150322625,48721870094.353424,3598970608.937238,2026-02-14 11:02:42.199,solana
1771070581628,87.11895528751415,49472211580.57195,3756785636.3356414,2026-02-14 12:03:01.628,solana
1771074227921,86.41210464976334,49088749535.45379,3792021169.6359105,2026-02-14 13:03:47.921,solana
1771077782134,86.37880606404893,49083963171.36019,3843827446.5895386,2026-02-14 14:03:02.134,solana
1771081348029,87.2523064837539,49519322774.4153,3698687686.3011665,2026-02-14 15:02:28.029,solana
1771084821426,87.36543172591257,49609262270.165146,3303422055.778704,2026-02-14 16:00:21.426,solana
1771088579081,88.10114945298595,50034778729.0672,3335690683.8740263,2026-02-14 17:02:59.081,solana
1771092210908,87.99268618388786,49985693639.81259,3205557740.2571964,2026-02-14 18:03:30.908,solana
1771095757666,88.01832417610606,50002007517.2799,3069928320.3022275,2026-02-14 19:02:37.666,solana
1771099371258,88.15513361215716,50068595554.7195,2999216160.86512,2026-02-14 20:02:51.258,solana
1771102941670,88.05525177425861,50000809453.241234,2958075110.847013,2026-02-14 21:02:21.670,solana
1771106588607,87.88912863258223,49871795411.46419,3056537730.692994,2026-02-14 22:03:08.607,solana
1771110150184,88.5750688920624,50322073697.23899,3109928810.0889444,2026-02-14 23:02:30.184,solana
1771113795867,88.11664619512503,50060921679.116516,3066567352.5518403,2026-02-15 00:03:15.867,solana
1771117348891,88.07884165214287,50008434952.89794,3120399083.0940614,2026-02-15 01:02:28.891,solana
1771120979965,88.08575090848579,49970795398.15911,3161411017.7544765,2026-02-15 02:02:59.965,solana
1771124561511,88.06075698763719,50030612648.95228,3166843723.7778745,2026-02-15 03:02:41.511,solana
1771128012488,88.14099194763398,50043417742.48014,3318866704.018644,2026-02-15 04:00:12.488,solana
1771131771921,88.74798034068976,50433277923.64526,3590002129.3017964,2026-02-15 05:02:51.921,solana
1771135363437,89.7290432011317,50989316763.19528,3719867415.9269986,2026-02-15 06:02:43.437,solana
1771139021592,89.54537922924469,50875528858.573906,3843433567.911807,2026-02-15 07:03:41.592,solana
1771142422479,90.59498879940297,51447711477.19468,3938422556.3590145,2026-02-15 08:00:22.479,solana
1771146099508,89.55649445431212,50864421914.34704,4131319491.844082,2026-02-15 09:01:39.508,solana
1771149755871,89.9400541125912,51097195313.06003,4059738966.6102324,2026-02-15 10:02:35.871,solana
1771153339731,89.5330118350233,50849656614.72513,4129642675.8387146,2026-02-15 11:02:19.731,solana
1771156945505,89.11600641421346,50625251562.41201,3997394452.4268603,2026-02-15 12:02:25.505,solana
1771160514852,87.99074740629007,50029798354.37817,4170223795.1549993,2026-02-15 13:01:54.852,solana
1771164042291,87.0416151652876,49462144804.70399,4197498272.0493016,2026-02-15 14:00:42.291,solana
1771167821849,87.3011559313812,49601137942.29676,4186165465.039876,2026-02-15 15:03:41.849,solana
1771171406532,87.28422969803367,49533288467.501656,4217228971.800781,2026-02-15 16:03:26.532,solana
1771174973912,87.51597887561475,49703596921.04255,4000165196.3996987,2026-02-15 17:02:53.912,solana
1771178612087,86.31451868962716,49010938755.91173,4145720862.0861096,2026-02-15 18:03:32.087,solana
1771182060487,86.15444506739482,48954061942.442085,4179338292.467836,2026-02-15 19:01:00.487,solana
1771185782940,85.38237418387251,48504599668.332756,4325591543.14753,2026-02-15 20:03:02.940,solana
1771189399231,85.72754374153834,48683605253.56911,4365531153.249457,2026-02-15 21:03:19.231,solana
1771192960057,86.13367570120784,48936854040.53992,4341839741.059878,2026-02-15 22:02:40.057,solana
1771196623688,86.33849497975348,49075004074.87181,4314270098.371077,2026-02-15 23:03:43.688,solana
1771200106795,85.99418751417357,48831757163.43187,4356591133.825141,2026-02-16 00:01:46.795,solana
1771203733431,86.11208859333169,48918530134.67709,4388144298.785314,2026-02-16 01:02:13.431,solana
1771207317918,85.65572644043613,48644808650.73106,4398975850.548495,2026-02-16 02:01:57.918,solana
1771210942907,85.43988304761547,48564420763.00987,4493671319.984703,2026-02-16 03:02:22.907,solana
1771214490817,85.05721471432734,48320014798.17861,4372293415.425428,2026-02-16 04:01:30.817,solana
1771218174813,85.68758947902425,48667630827.57058,4184199053.9413877,2026-02-16 05:02:54.813,solana
1771221626041,84.63102097108236,48073824248.48724,4063523865.832618,2026-02-16 06:00:26.041,solana
1771225385918,84.99454910288505,48285195544.64985,4042627148.7188783,2026-02-16 07:03:05.918,solana
1771228967794,85.09766167513897,48342229421.02907,3983262137.1482053,2026-02-16 08:02:47.794,solana
1771232585882,85.34761676621576,48481611674.936325,3704647882.4826612,2026-02-16 09:03:05.882,solana
1771236183451,85.92552190870455,48820422568.109886,3725547670.580586,2026-02-16 10:03:03.451,solana
1771239765328,85.7246618870978,48710421070.71252,3641658629.3930306,2026-02-16 11:02:45.328,solana
1771243343469,85.51352700150666,48573855229.321144,3769121563.5268846,2026-02-16 12:02:23.469,solana
1771246949866,86.12424291969944,48916975247.86006,3661605552.0208716,2026-02-16 13:02:29.866,solana
1771250563544,84.0919598909319,47758514256.46086,3808893150.8143926,2026-02-16 14:02:43.544,solana
1771254213692,84.09411546481392,47787696953.76063,3878374432.958854,2026-02-16 15:03:33.692,solana
1771257770935,83.16024797327056,47230242461.61458,3956861009.643151,2026-02-16 16:02:50.935,solana
1771261378783,83.90111679323668,47659857507.52446,4083065472.6565657,2026-02-16 17:02:58.783,solana
1771264954482,84.43624875623745,47956118158.211754,4015963433.0091243,2026-02-16 18:02:34.482,solana
1771268489329,84.58159916046742,48084796920.20565,3923243648.220656,2026-02-16 19:01:29.329,solana
1771272186356,84.70227700818504,48137662018.65757,3767590505.2071915,2026-02-16 20:03:06.356,solana
1771275781940,85.29995973677194,48446540481.69427,3727352230.31995,2026-02-16 21:03:01.940,solana
1771279468646,85.7219184603071,48682367691.765656,3786631220.226486,2026-02-16 22:04:28.646,solana
1771282975768,85.75529671808786,48742658086.41334,3697300052.21201,2026-02-16 23:02:55.768,solana
1771286610103,86.48292693006974,49114854533.43764,3667244481.3373995,2026-02-17 00:03:30.103,solana
1771290136531,86.74030918734482,49266642060.42448,3743090461.542065,2026-02-17 01:02:16.531,solana
1771293749338,86.30675536564628,49067555525.7783,3677706534.087567,2026-02-17 02:02:29.338,solana
1771297416750,87.41189934760487,49671661236.79986,3665243535.968741,2026-02-17 03:03:36.750,solana
1771300806859,86.4639719512438,49121678725.49177,3529745286.1013474,2026-02-17 04:00:06.859,solana
1771304492881,86.35180934741449,49054876192.44049,3553575550.2103033,2026-02-17 05:01:32.881,solana
1771308189577,86.16072302710226,48947485231.70032,3531746638.0309443,2026-02-17 06:03:09.577,solana
1771311611567,86.58805825336809,49192652793.49712,3529231431.6622167,2026-02-17 07:00:11.567,solana
1771315371824,86.41284197265765,49091306066.19754,3501029447.7892447,2026-02-17 08:02:51.824,solana
1771318908215,85.96720510937851,48841376232.08964,3503425393.758635,2026-02-17 09:01:48.215,solana
1771322475655,85.90737258168629,48810795512.90424,3439069691.984994,2026-02-17 10:01:15.655,solana
1771326138892,84.99287530488414,48274157135.58345,3452481519.0511937,2026-02-17 11:02:18.892,solana
1771329638563,85.05435666239849,48285905312.0013,3420666939.910114,2026-02-17 12:00:38.563,solana
1771333226763,84.75376203695433,48194809756.15624,3429224744.3328567,2026-02-17 13:00:26.763,solana
1771336884991,85.16150383118963,48408204601.89376,3169584607.6458735,2026-02-17 14:01:24.991,solana
1771340537719,83.21708132970673,47291536724.9445,3182218030.154174,2026-02-17 15:02:17.719,solana
1771344041995,83.58058245464476,47433708539.673645,3273288935.169399,2026-02-17 16:00:41.995,solana
1771347811813,84.3535211560107,48036619151.36698,3280402314.0393763,2026-02-17 17:03:31.813,solana
1771351367044,83.59347684392996,47447455574.28444,3299655618.3537254,2026-02-17 18:02:47.044,solana
1771354983562,85.17445966718945,48410475197.815414,3297745459.151721,2026-02-17 19:03:03.562,solana
1771358479616,84.84551139769285,48206423282.69059,3369446734.0053473,2026-02-17 20:01:19.616,solana
1771362131664,84.98484900422716,48295769497.702446,3390484525.3804274,2026-02-17 21:02:11.664,solana
1771365795034,85.10820364830812,48361888624.718475,3367614520.0904574,2026-02-17 22:03:15.034,solana
1771369267315,85.00988296807633,48366476183.09064,3336083424.964822,2026-02-17 23:01:07.315,solana
1771372947041,85.1211540079665,48355453684.622856,3320358449.6441803,2026-02-18 00:02:27.041,solana
1771376538133,84.85433259756324,48287443776.22101,3133643424.939549,2026-02-18 01:02:18.133,solana
1771380105091,84.14034843903352,47805594792.087845,3378095874.3167453,2026-02-18 02:01:45.091,solana
1771383707055,84.65467603172287,48116188415.761665,3325220139.368371,2026-02-18 03:01:47.055,solana
1771387230567,85.31702940291507,48472885371.67203,3344100315.5512176,2026-02-18 04:00:30.567,solana
1771390906723,85.06715129020017,48337672963.24272,3326427166.215735,2026-02-18 05:01:46.723,solana
1771394405989,84.86205961379011,48219716779.963486,3267887952.0792956,2026-02-18 06:00:05.989,solana
1771398029549,84.95668231950148,48329277023.39646,3319703223.4850025,2026-02-18 07:00:29.549,solana
1771401757251,85.27895393707327,48468526320.09556,3236526288.27915,2026-02-18 08:02:37.251,solana
1771405304694,85.40551021287041,48542620017.70753,3260383581.8541727,2026-02-18 09:01:44.694,solana
1771409013191,85.32314137077243,48485605180.154434,3258816821.8873653,2026-02-18 10:03:33.191,solana
1771412498520,84.2525229106615,47874297420.43493,3284099573.2272515,2026-02-18 11:01:38.520,solana
1771416137387,83.14890966650032,47316492801.69794,3503326302.4691844,2026-02-18 12:02:17.387,solana
1771419714154,83.01635836759996,47184076840.25963,3546989378.454786,2026-02-18 13:01:54.154,solana
1771423334631,82.57073864321897,46885859488.173546,3540590533.1405973,2026-02-18 14:02:14.631,solana
1771426932280,82.44603187689617,46818319902.05855,3557999770.81783,2026-02-18 15:02:12.280,solana
1771430539356,83.08398040684077,47314997261.038376,3500898649.3109694,2026-02-18 16:02:19.356,solana
1771434035166,82.19595012314998,46712188964.80773,3404058840.570689,2026-02-18 17:00:35.166,solana
1771437660886,82.16148342808022,46715412891.06287,3342338546.4666357,2026-02-18 18:01:00.886,solana
1771441224803,81.34489875337384,46247497784.408325,3400180612.7252135,2026-02-18 19:00:24.803,solana
1771444919922,80.84701779545287,45987779949.77315,3419206306.2300267,2026-02-18 20:01:59.922,solana
1771448513447,81.30577045585139,46238756358.12234,3433578626.252229,2026-02-18 21:01:53.447,solana
1771452114905,81.24246857229767,46185528874.97323,3407953234.311289,2026-02-18 22:01:54.905,solana
1771455651868,81.41677491390041,46276550722.08316,3423486142.3148975,2026-02-18 23:00:51.868,solana
1771459280691,81.54155441616038,46318090197.91994,3391855036.576812,2026-02-19 00:01:20.691,solana
1771462885100,81.49404356364501,46326602316.26252,3321995238.2749467,2026-02-19 01:01:25.100,solana
1771466520990,81.82225682080673,46457628074.339294,3334263808.4405365,2026-02-19 02:02:00.990,solana
1771470273339,81.57023024952058,46309443928.945244,3335369464.9735975,2026-02-19 03:04:33.339,solana
1771473640133,81.70274317491871,46385689445.026184,3279420144.48774,2026-02-19 04:00:40.133,solana
1771477388253,81.55589975192903,46350742578.01138,3285422213.0665774,2026-02-19 05:03:08.253,solana
1771480873535,81.77807033419472,46444116000.71492,3412533529.5974817,2026-02-19 06:01:13.535,solana
1771484463607,82.35460377603462,46800004531.598404,3385732012.02886,2026-02-19 07:01:03.607,solana
1771488108565,82.30715494550886,46741410428.24891,3487226871.872366,2026-02-19 08:01:48.565,solana
1771491738430,81.68284942583122,46416645738.85136,3372642504.136891,2026-02-19 09:02:18.430,solana
1771495362083,81.18459176990582,46139947020.05049,3366779536.658989,2026-02-19 10:02:42.083,solana
1771498955792,81.47429375421041,46310902403.75406,3352359640.2916503,2026-02-19 11:02:35.792,solana
1771502563381,81.18940835017615,46141547330.56057,3143274488.548932,2026-02-19 12:02:43.381,solana
1771506132159,80.7635806535789,45894901987.08829,3133412482.2659154,2026-02-19 13:02:12.159,solana
1771509732194,79.88304039490792,45384302262.87361,3246895112.5686917,2026-02-19 14:02:12.194,solana
1771513306582,80.88508574672937,46016518935.49397,3237729752.3857613,2026-02-19 15:01:46.582,solana
1771516865374,80.46267162151896,45732825176.79228,3133856107.454565,2026-02-19 16:01:05.374,solana
1771520522596,80.65008500239284,45823788799.01834,3124623989.069698,2026-02-19 17:02:02.596,solana
1771524101170,80.40263232179812,45700675686.9574,3187699476.088752,2026-02-19 18:01:41.170,solana
1771527735680,81.88931461934136,46538462588.7419,3125817026.886311,2026-02-19 19:02:15.680,solana
1771531388651,81.81635864153343,46467092149.794044,3064351377.4087024,2026-02-19 20:03:08.651,solana
1771534999408,82.07451201832139,46665000371.33157,3077396868.128604,2026-02-19 21:03:19.408,solana
1771538530637,82.02714798141452,46632914132.69649,3036326918.646086,2026-02-19 22:02:10.637,solana
1771542129362,82.2265516912512,46707227010.55429,3069446450.985068,2026-02-19 23:02:09.362,solana
1771545757273,82.37989133773483,46805469549.69822,3086818515.165937,2026-02-20 00:02:37.273,solana
1771549356726,82.9340053468958,47136400922.17038,3172264925.4290204,2026-02-20 01:02:36.726,solana
1771552994990,82.90146777035683,47112916828.430916,3218058720.7103634,2026-02-20 02:03:14.990,solana
1771556537376,82.95126415144216,47154254673.035904,3238061818.361578,2026-02-20 03:02:17.376,solana
1771560153535,83.00266242236192,47182938290.80537,3299202747.0982623,2026-02-20 04:02:33.535,solana
1771563813787,82.69433366839523,47007144502.763016,3278331050.686414,2026-02-20 05:03:33.787,solana
1771567370275,83.33586641915798,47406327368.03268,3236630571.543486,2026-02-20 06:02:50.275,solana
1771570956806,83.59695719841302,47486435481.28491,3252686548.149393,2026-02-20 07:02:36.806,solana
1771574619960,83.48361169474612,47457360316.6724,3240638158.31812,2026-02-20 08:03:39.960,solana
1771578171387,83.58982633415071,47499187843.083824,3219048953.14675,2026-02-20 09:02:51.387,solana
1771581664714,84.18325068764878,47861748789.36075,3312190814.447975,2026-02-20 10:01:04.714,solana
1771585375202,84.1282276204913,47831146839.44026,3349748907.9575005,2026-02-20 11:02:55.202,solana
1771588890051,83.56080269478585,47474854390.82567,3485289645.5738797,2026-02-20 12:01:30.051,solana
1771592585546,83.67236168514022,47556438461.25822,3520861545.672061,2026-02-20 13:03:05.546,solana
1771596142325,82.10067801443192,46622214465.921074,3513826059.9160695,2026-02-20 14:02:22.325,solana
1771599808385,82.9419831805869,47134855204.730576,3551993135.468793,2026-02-20 15:03:28.385,solana
1771603419199,84.05500799147691,47738092486.84054,3816034509.3833904,2026-02-20 16:03:39.199,solana
1771606877575,84.32311921748051,47859562643.748,3894210868.610075,2026-02-20 17:01:17.575,solana
1771610503440,84.37961184238266,47859864299.19622,3971028386.3470316,2026-02-20 18:01:43.440,solana
1771614117858,85.08957969814067,48344290173.14857,4181192636.1995134,2026-02-20 19:01:57.858,solana
1771617760966,84.71794542119126,48132519753.83408,4176760967.7326508,2026-02-20 20:02:40.966,solana
1771621378346,84.5429510168155,48059535448.05562,4125792908.056595,2026-02-20 21:02:58.346,solana
1771624827116,84.46537325048097,47995417981.61019,4149579161.582953,2026-02-20 22:00:27.116,solana
1771628601238,84.52149874456737,48038442013.85515,4139153988.1265974,2026-02-20 23:03:21.238,solana
1771632093794,84.58566746661943,48052976026.852936,4149362636.330106,2026-02-21 00:01:33.794,solana
1771635678766,84.3635512488427,47948212016.362076,4063238042.1831684,2026-02-21 01:01:18.766,solana
1771639360858,84.69537014203623,48144618013.659805,4006536385.864306,2026-02-21 02:02:40.858,solana
1771642822988,84.84393040651325,48218785615.184685,3968954765.9611964,2026-02-21 03:00:22.988,solana
1771646556409,84.27691091918159,47898669660.974686,3949877442.3176923,2026-02-21 04:02:36.409,solana
1771650016913,84.291569901702,47900573371.788826,3930223634.1140404,2026-02-21 05:00:16.913,solana
1771653725138,84.4449191412851,47995365999.10491,3851815286.5536566,2026-02-21 06:02:05.138,solana
1771657344269,84.08868554223336,47789680667.09942,3790100480.445356,2026-02-21 07:02:24.269,solana
1771660821665,84.1591635838349,47838856068.94144,3777976434.0491223,2026-02-21 08:00:21.665,solana
1771664556742,84.59281603635382,48057669076.13081,3768318135.958807,2026-02-21 09:02:36.742,solana
1771668119170,84.92004594426965,48274637532.79644,3679369530.589065,2026-02-21 10:01:59.170,solana
1771671745661,85.10085418124892,48359296809.10319,3594995981.963442,2026-02-21 11:02:25.661,solana
1771675335285,85.3389749467423,48502129761.09296,3473664693.2527814,2026-02-21 12:02:15.285,solana
1771678935128,85.25986174515616,48457577354.27612,3403844058.6905675,2026-02-21 13:02:15.128,solana
1771682541046,85.59570478849382,48653784245.989006,3178064453.278168,2026-02-21 14:02:21.046,solana
1771686125359,86.34730858491848,49081035380.609024,3137051604.251458,2026-02-21 15:02:05.359,solana
1771689629919,86.58986090658428,49227006673.67174,2830377264.3629947,2026-02-21 16:00:29.919,solana
1771693375934,86.17619052660422,49001265786.245316,2707957748.1363726,2026-02-21 17:02:55.934,solana
1771696959853,86.20462102584261,49010230431.06204,2486261887.622926,2026-02-21 18:02:39.853,solana
1771700586637,86.58618210853619,49225673184.57111,2265089886.6105614,2026-02-21 19:03:06.637,solana
1771704219391,86.2194748459261,49029109781.593346,2164656402.111501,2026-02-21 20:03:39.391,solana
1771707792397,85.53461079096215,48639829420.11525,2176867934.3556848,2026-02-21 21:03:12.397,solana
1771711322382,85.74097624057669,48720600952.31766,2148905455.0201435,2026-02-21 22:02:02.382,solana
1771715007104,85.44829384658821,48583930540.07116,2111354597.1360464,2026-02-21 23:03:27.104,solana
1771718530067,85.19733090087202,48441991447.940315,2088504922.9939537,2026-02-22 00:02:10.067,solana
1771722004261,84.8006877050182,48217276823.52292,2108835315.4218357,2026-02-22 01:00:04.261,solana
1771725734417,85.23981669239554,48459958540.17441,2111496555.038077,2026-02-22 02:02:14.417,solana
1771729345131,84.96923269234988,48303305046.40415,2157428201.367998,2026-02-22 03:02:25.131,solana
1771732977375,85.02230155886602,48330696498.31763,2161531997.217593,2026-02-22 04:02:57.375,solana
1771736570660,85.13456419488932,48399132591.45925,2152610502.679217,2026-02-22 05:02:50.660,solana
1771740175313,84.93488795291742,48272614076.513466,2161522003.812421,2026-02-22 06:02:55.313,solana
1771743645667,85.25120302658358,48461501069.74309,2155097459.448432,2026-02-22 07:00:45.667,solana
1771747398044,85.30224995143575,48516761700.93443,2163402222.0039134,2026-02-22 08:03:18.044,solana
1771750923662,84.9453227193118,48284439586.68371,2153231972.4794455,2026-02-22 09:02:03.662,solana
1771754494267,85.01823199435482,48336818389.27284,2117716194.397207,2026-02-22 10:01:34.267,solana
1771758131915,85.1943705128054,48438442702.2122,2109163428.8368983,2026-02-22 11:02:11.915,solana
1771761667692,85.232877623861,48447518468.92363,2092404589.1185915,2026-02-22 12:01:07.692,solana
1771765355435,84.4452837690814,48002581617.245636,2089024826.5879917,2026-02-22 13:02:35.435,solana
1771768951218,83.89965823654165,47676136400.691444,2181270654.0724545,2026-02-22 14:02:31.218,solana
1771772439934,83.61691580133663,47537204084.6177,2058123515.2127695,2026-02-22 15:00:39.934,solana
1771776169916,83.52254213746592,47496587094.06388,2150963370.419694,2026-02-22 16:02:49.916,solana
1771779725070,83.5026320731571,47446343114.63726,2059359267.0349784,2026-02-22 17:02:05.070,solana
1771783245207,82.97580562616471,47166525478.22787,2085439115.5589967,2026-02-22 18:00:45.207,solana
1771786944011,83.19497286395281,47291541211.066185,2062407201.2031112,2026-02-22 19:02:24.011,solana
1771790578141,83.27403656106448,47343255475.785034,2043641890.6631718,2026-02-22 20:02:58.141,solana
1771794185223,83.04837674576733,47227519674.56872,2046717742.3918052,2026-02-22 21:03:05.223,solana
1771797772692,83.47447389253462,47447958314.21668,1943195490.3538268,2026-02-22 22:02:52.692,solana
1771801363705,83.54223241464953,47489225881.18063,1993771130.173236,2026-02-22 23:02:43.705,solana
1771805000540,82.74185877804334,47012304075.94546,2132558842.0803,2026-02-23 00:03:20.540,solana
1771808568431,81.8037027661235,46526301653.510704,2214390991.7522473,2026-02-23 01:02:48.431,solana
1771812195226,77.99514505442879,44263988183.21964,2852315488.572171,2026-02-23 02:03:15.226,solana
1771815786272,77.73455496020566,44190095095.2036,3035601488.114563,2026-02-23 03:03:06.272,solana
1771819335904,77.75081028673497,44244960625.89537,3155425584.83084,2026-02-23 04:02:15.904,solana
1771822981971,77.33974348457807,43964970374.67533,3260851484.746824,2026-02-23 05:03:01.971,solana
1771826556136,77.75424419276169,44196667422.372375,3393330888.6868663,2026-02-23 06:02:36.136,solana
1771830237793,79.05795136584518,44937760502.18102,3599412831.3719606,2026-02-23 07:03:57.793,solana
1771833732905,79.3971668939153,45142942826.05879,3711837238.9506254,2026-02-23 08:02:12.905,solana
1771837383893,78.73599083285573,44748856908.297295,3810208904.368501,2026-02-23 09:03:03.893,solana
1771840982243,80.35933909052899,45682873518.43006,3999798828.176688,2026-02-23 10:03:02.243,solana
1771844585491,80.22558877898707,45605819922.83637,4071626895.1137257,2026-02-23 11:03:05.491,solana
1771848084511,80.0088529495815,45492648553.87978,4104225008.82284,2026-02-23 12:01:24.511,solana
1771851627670,80.65253889343697,45863529494.2026,4185950464.7007422,2026-02-23 13:00:27.670,solana
1771855331250,80.68416149441974,45945461492.538,4272457884.764977,2026-02-23 14:02:11.250,solana
1771858819096,80.18306744897107,45619028551.92541,4375779329.353781,2026-02-23 15:00:19.096,solana
1771862588240,79.48366717419714,45218339836.597275,4418898865.602697,2026-02-23 16:03:08.240,solana
1771866219739,78.98956595774123,44910234982.84488,4662242147.871852,2026-02-23 17:03:39.739,solana
1771869743074,77.81579105414417,44218897435.31073,4777384260.785444,2026-02-23 18:02:23.074,solana
1771873363622,78.73927264997698,44858026410.92761,4975321237.638823,2026-02-23 19:02:43.622,solana
1771876964553,78.19906574040002,44474148089.34974,5099239249.659807,2026-02-23 20:02:44.553,solana
1771880593129,78.36906572378837,44565961268.117195,5185145200.786781,2026-02-23 21:03:13.129,solana
1771884190404,78.35963348040477,44546544459.32054,5264382137.546486,2026-02-23 22:03:10.404,solana
1771887731496,78.48268445610535,44660218769.2175,5319902901.94082,2026-02-23 23:02:11.496,solana
1771891380491,77.76467395160952,44215752046.62563,5287684848.722453,2026-02-24 00:03:00.491,solana
1771894807330,78.42483006755079,44595578074.176254,5239758459.058708,2026-02-24 01:00:07.330,solana
1771898519281,77.7016777733381,44166460437.58889,4876904201.125887,2026-02-24 02:01:59.281,solana
1771902177085,77.57472808456706,44127741982.97411,4710703747.182064,2026-02-24 03:02:57.085,solana
1771905752817,76.76639853712256,43654540288.78321,4654985902.082619,2026-02-24 04:02:32.817,solana
1771909324714,76.74475225782983,43632399390.91041,4666116658.109088,2026-02-24 05:02:04.714,solana
1771912981458,76.59597994112363,43557623235.62766,4667977459.387143,2026-02-24 06:03:01.458,solana
1771916528989,76.62491284048836,43573975924.86163,4529612448.995882,2026-02-24 07:02:08.989,solana
1771920151113,76.7513864598444,43642887188.22068,4537898254.993001,2026-02-24 08:02:31.113,solana
1771923797739,77.05646408127971,43824578789.08547,4494891927.523385,2026-02-24 09:03:17.739,solana
1771927251318,76.56270085827379,43530465070.219154,4390351914.74923,2026-02-24 10:00:51.318,solana
1771930972469,76.72426082585704,43571260730.08402,4360659769.085859,2026-02-24 11:02:52.469,solana
1771934651675,76.69560373941248,43611594836.99637,4342744722.692428,2026-02-24 12:04:11.675,solana
1771938154494,76.6221924084573,43573196159.49601,4251336881.3339777,2026-02-24 13:02:34.494,solana
1771941772521,76.59454587995515,43559125874.95706,4151536458.0799947,2026-02-24 14:02:52.521,solana
1771945359271,76.95049479936631,43784241059.88534,4223798296.476706,2026-02-24 15:02:39.271,solana
1771948944866,77.21062288565797,43897735147.76921,4232926698.006494,2026-02-24 16:02:24.866,solana
1771952622135,77.89230969412759,44240398987.2721,4209283222.570786,2026-02-24 17:03:42.135,solana
1771956172227,77.95589414109858,44332064994.17841,4085490662.736424,2026-02-24 18:02:52.227,solana
1771959734135,78.21909334831987,44483315527.770164,3979833562.8517485,2026-02-24 19:02:14.135,solana
1771963309763,78.30278663962149,44508311963.35521,3927401936.0098443,2026-02-24 20:01:49.763,solana
1771967011097,78.66212520068083,44742425395.31957,3901921472.317456,2026-02-24 21:03:31.097,solana
1771970563436,78.48305981697857,44639469513.889336,3891311610.88465,2026-02-24 22:02:43.436,solana
1771974179227,78.97724470752509,44884130137.056465,3866683557.515847,2026-02-24 23:02:59.227,solana
1771977804479,79.08362401927106,44972106769.663284,3899279987.076145,2026-02-25 00:03:24.479,solana
1771981320854,79.27570137024064,45089715126.70466,3908001060.576829,2026-02-25 01:02:00.854,solana
1771985026984,82.02168057605908,46597462702.18905,4052422096.6088696,2026-02-25 02:03:46.984,solana
1771988537376,82.48143893048044,46887910100.190674,4183233722.208828,2026-02-25 03:02:17.376,solana
1771992170312,81.7230484312813,46476886565.899925,4154761813.532859,2026-02-25 04:02:50.312,solana
1771995709908,82.04273596617419,46685922777.51755,4149110754.0563617,2026-02-25 05:01:49.908,solana
1771999353779,81.33874361241342,46254640911.62077,4130851530.4923863,2026-02-25 06:02:33.779,solana
1772002935713,81.5259850175279,46361116274.31825,4126083260.436437,2026-02-25 07:02:15.713,solana
1772006429930,82.10083460976496,46675836549.78162,4120941408.259349,2026-02-25 08:00:29.930,solana
1772010110690,82.35450484541184,46822564929.64816,4133635086.379782,2026-02-25 09:01:50.690,solana
1772013753329,82.52977186448888,46931928740.763145,4143064423.816492,2026-02-25 10:02:33.329,solana
1772017359099,82.5882485331733,46964974130.35513,4160891239.7625623,2026-02-25 11:02:39.099,solana
1772020979811,83.14121354119683,47277713805.74928,4233170779.1761336,2026-02-25 12:02:59.811,solana
1772024593068,83.70741269556706,47573027668.46686,4350911676.780247,2026-02-25 13:03:13.068,solana
1772028148860,83.91495734378833,47703437849.52984,4425585153.831737,2026-02-25 14:02:28.860,solana
1772031778748,85.4894312185781,48604004747.389565,4501647696.030912,2026-02-25 15:02:58.748,solana
1772035384924,86.04554118275392,48924721728.61989,4702761881.748684,2026-02-25 16:03:04.924,solana
1772038970206,87.51585695125739,49751388665.21022,4864235516.613837,2026-02-25 17:02:50.206,solana
1772042451409,88.61051699078543,50369318607.344795,5112568630.759925,2026-02-25 18:00:51.409,solana
1772046225527,88.9467242005483,50594454965.470116,5267159038.789068,2026-02-25 19:03:45.527,solana
1772049764378,89.48813199884856,50874465830.714485,5405409033.513791,2026-02-25 20:02:44.378,solana
1772053369051,89.75249883920152,51052427170.87473,5661183369.3056555,2026-02-25 21:02:49.051,solana
1772056827072,89.97583067000865,51222127928.83925,5677563294.3382635,2026-02-25 22:00:27.072,solana
1772060574821,88.89309205536141,50543908547.301605,6206849224.4009,2026-02-25 23:02:54.821,solana
1772064197166,87.78550063618857,49836350674.80889,5848679221.011004,2026-02-26 00:03:17.166,solana
1772067784418,88.55257978446703,50364320292.907745,6440300490.46821,2026-02-26 01:03:04.418,solana
1772071380332,88.48527287536668,50337672881.969765,6121215235.490794,2026-02-26 02:03:00.332,solana
1772074972427,88.2317500522919,50187877222.333496,6025960508.90489,2026-02-26 03:02:52.427,solana
1772078555716,87.95892942288667,50084647279.85907,5965721845.018002,2026-02-26 04:02:35.716,solana
1772082026957,88.74712388641407,50499469253.1029,5938173298.302594,2026-02-26 05:00:26.957,solana
1772085742282,87.74512661107681,49911513768.85055,5938667923.50174,2026-02-26 06:02:22.282,solana
1772089390174,87.64111043286076,49850086562.639534,6197977101.052111,2026-02-26 07:03:10.174,solana
1772092809899,87.3498534899306,49659273107.12087,6168679975.233548,2026-02-26 08:00:09.899,solana
1772096560903,87.39301242134479,49724768118.2254,6192172331.515856,2026-02-26 09:02:40.903,solana
1772100240540,88.33562713569307,50251107909.45866,6248562154.314719,2026-02-26 10:04:00.540,solana
1772103616498,87.38047270533703,49696317348.50778,6257537655.096174,2026-02-26 11:00:16.498,solana
1772107219131,86.79641876420096,49369817477.92038,6239631394.530545,2026-02-26 12:00:19.131,solana
1772110961054,87.65582429026347,49857278245.95418,6088714263.269437,2026-02-26 13:02:41.054,solana
1772114517801,87.6141970944821,49836183807.92567,5296008685.987534,2026-02-26 14:01:57.801,solana
1772118164124,87.00456052302059,49470883631.83785,5506354218.205759,2026-02-26 15:02:44.124,solana
1772121766580,86.42149878945494,49119094808.58068,5820904376.920878,2026-02-26 16:02:46.580,solana
1772125340372,84.53904014180672,48087146411.94417,5035869495.82777,2026-02-26 17:02:20.372,solana
1772128975687,84.95017928966257,48321254119.212875,5525596386.220073,2026-02-26 18:02:55.687,solana
1772132547828,85.38309966580398,48593923450.23529,5458997044.6528425,2026-02-26 19:02:27.828,solana
1772136191865,86.39226075837932,49095113294.457054,5447331896.431312,2026-02-26 20:03:11.865,solana
1772139776139,86.12089575691188,48910199091.8122,5276354659.08181,2026-02-26 21:02:56.139,solana
1772143336788,85.98177271094696,48937814045.17126,4883286343.5954075,2026-02-26 22:02:16.788,solana
1772146978248,86.1200027694464,48966132395.42306,4640039454.786319,2026-02-26 23:02:58.248,solana
1772150561634,85.89354724638076,48864583405.65491,4397256665.149366,2026-02-27 00:02:41.634,solana
1772154246778,85.77763126361965,48786031100.884834,4155625735.4757056,2026-02-27 01:04:06.778,solana
1772157803700,86.0960864723188,48907893364.9651,4115492482.8351536,2026-02-27 02:03:23.700,solana
1772161403963,86.6154365325353,49277439456.30057,4016957275.847236,2026-02-27 03:03:23.963,solana
1772164989746,87.64940781248048,49850595392.14822,3483473145.38344,2026-02-27 04:03:09.746,solana
1772168442772,87.56928543647184,49927463774.27999,4095304051.825464,2026-02-27 05:00:42.772,solana
1772172219242,87.52104306879133,49778911507.177284,3999665659.624688,2026-02-27 06:03:39.242,solana
1772175620318,87.33328232744189,49693455316.104256,3958418835.8246603,2026-02-27 07:00:20.318,solana
1772179395656,87.29582605764905,49644148056.07559,4015666575.57284,2026-02-27 08:03:15.656,solana
1772183011680,87.57645699113655,49809290846.03092,3969108915.332564,2026-02-27 09:03:31.680,solana
1772186617329,86.42814242031568,49158439770.511375,3921842386.8033304,2026-02-27 10:03:37.329,solana
1772190067625,84.76230290391217,48244383486.06198,3735208557.6077857,2026-02-27 11:01:07.625,solana
1772193682839,83.62793416437852,47551683346.88321,4061303987.6550884,2026-02-27 12:01:22.839,solana
1772197308490,83.00091933631153,47214727669.603935,4150191214.2973404,2026-02-27 13:01:48.490,solana
1772200973192,83.04550182036428,47244405126.91554,4335331482.436207,2026-02-27 14:02:53.192,solana
1772204652370,82.41141286444127,46838114093.10887,4293929121.2385993,2026-02-27 15:04:12.370,solana
1772208139289,82.71212196895291,47136385302.778145,4166146563.180167,2026-02-27 16:02:19.289,solana
1772211875407,81.42647781808165,46417822237.902214,4030911290.1471767,2026-02-27 17:04:35.407,solana
1772215385183,81.72621779324496,46399935725.34827,4043139502.710695,2026-02-27 18:03:05.183,solana
1772219010737,81.48636572960052,46352910417.3336,4008746936.578735,2026-02-27 19:03:30.737,solana
1772222577337,81.53818421815885,46389239704.06034,3910041464.05213,2026-02-27 20:02:57.337,solana
1772226207063,81.51695468487344,46398945447.97283,3886069321.2319355,2026-02-27 21:03:27.063,solana
1772229728182,81.1604172355023,46158843740.96013,3912675336.9133577,2026-02-27 22:02:08.182,solana
1772233298082,81.3790766284295,46278606056.59659,4014853514.338113,2026-02-27 23:01:38.082,solana
1772236984512,81.8744173635331,46623034151.85102,4079065323.038279,2026-02-28 00:03:04.512,solana
1772240596714,82.08961190116382,46733697312.34082,4064002588.8085027,2026-02-28 01:03:16.714,solana
1772244188688,81.8984488805272,46653370225.205124,4011019104.2214108,2026-02-28 02:03:08.688,solana
1772247741923,82.13578464060123,46772944043.19509,3961416561.881426,2026-02-28 03:02:21.923,solana
1772251399900,81.72216492006531,46548071316.241234,3914115241.560446,2026-02-28 04:03:19.900,solana
1772254981091,81.66759740149828,46511751073.85022,3799063655.7861233,2026-02-28 05:03:01.091,solana
1772258504771,81.50449130302626,46391959205.542046,3768118441.815115,2026-02-28 06:01:44.771,solana
1772262171198,77.47015560410398,44092530314.57744,4188084920.6789217,2026-02-28 07:02:51.198,solana
1772265729285,78.74455530573083,44858855928.958336,4551352079.089516,2026-02-28 08:02:09.285,solana
1772269427507,78.02170894217606,44404938542.59013,4591859094.398669,2026-02-28 09:03:47.507,solana
1772272957329,78.42007682176542,44662306091.99644,4691733608.435555,2026-02-28 10:02:37.329,solana
1772276602003,79.11745784088443,45044170821.52701,4538753262.46812,2026-02-28 11:03:22.003,solana
1772280174945,78.76861059274884,44853758374.41737,4727182194.543249,2026-02-28 12:02:54.945,solana
1772283611514,78.85319373978582,44907012731.85397,4647805314.231726,2026-02-28 13:00:11.514,solana
1772287394789,80.60671049469133,45817146614.64031,4659814350.368384,2026-02-28 14:03:14.789,solana
1772290890786,80.2859475965783,45744770731.29567,4559721601.171271,2026-02-28 15:01:30.786,solana
1772294546308,80.880600741499,46047983340.00628,4523686993.452282,2026-02-28 16:02:26.308,solana
1772298132427,81.07620035715142,46174103918.17405,4424718975.750818,2026-02-28 17:02:12.427,solana
1772301612273,81.05674822016124,46129666696.886955,4337351252.826664,2026-02-28 18:00:12.273,solana
1772305352127,82.36592189630217,46910934346.72092,4399348634.612397,2026-02-28 19:02:32.127,solana
1772308945152,82.26916112757374,46881633164.68928,4549919518.853757,2026-02-28 20:02:25.152,solana
1772312506767,84.89882599180052,48293747841.53504,4799152598.081725,2026-02-28 21:01:46.767,solana
1772316106870,84.4229488661171,48057207162.64554,4894235357.142677,2026-02-28 22:01:46.870,solana
1772319735085,84.40994603780649,48188100564.67998,4967545054.778304,2026-02-28 23:02:15.085,solana
1772323267744,84.40278475390643,48072143553.72979,4903054580.647019,2026-03-01 00:01:07.744,solana
1772326962776,84.91333266818192,48369614358.62555,4960876087.9621105,2026-03-01 01:02:42.776,solana
1772330448375,86.60883831982508,49313793427.485535,5231646972.880997,2026-03-01 02:00:48.375,solana
1772334247917,87.97868546324435,50102771589.51969,5747648195.090036,2026-03-01 03:04:07.917,solana
1772337779576,88.04927004174148,50022150585.13431,5991564147.957341,2026-03-01 04:02:59.576,solana
1772341394396,87.5580585321697,49870202393.02214,6337980060.775363,2026-03-01 05:03:14.396,solana
1772345013920,87.30184962286361,49746461779.54086,6123900725.484082,2026-03-01 06:03:33.920,solana
1772348481770,86.70738460544497,49380866696.595,5729409277.549654,2026-03-01 07:01:21.770,solana
1772352160280,86.59618046617082,49317689633.86168,5365866870.19337,2026-03-01 08:02:40.280,solana
1772355780151,85.25210898700072,48595642647.16465,5531944301.077047,2026-03-01 09:03:00.151,solana
1772359434770,84.97093875156754,48393205653.44022,5279888771.882652,2026-03-01 10:03:54.770,solana
1772362963080,85.24417489239256,48536508259.152176,5344391675.652077,2026-03-01 11:02:43.080,solana
1772366545286,85.19323235389659,48510921635.67378,5228760218.197065,2026-03-01 12:02:25.286,solana
1772370185825,84.88083161723397,48350916296.517944,4984606052.317664,2026-03-01 13:03:05.825,solana
1772373825459,86.30527306675765,49208622371.34681,4563059890.917409,2026-03-01 14:03:45.459,solana
1772377386432,85.79202419898391,48832985390.419586,5011761565.730159,2026-03-01 15:03:06.432,solana
1772380989958,86.0353620801084,49032261418.35337,5037978396.732845,2026-03-01 16:03:09.958,solana
1772384400673,84.29096826580644,47997786580.042244,4843923442.88125,2026-03-01 17:00:00.673,solana
1772388143518,83.98037838467809,47845217782.541466,5178917049.880595,2026-03-01 18:02:23.518,solana
1772391784088,84.01545941839053,47906790744.67838,5162051463.457715,2026-03-01 19:03:04.088,solana
1772395349461,83.2684869218016,47445315885.57931,5036885552.842546,2026-03-01 20:02:29.461,solana
1772398966562,81.99301970656904,46694556965.25874,4928431295.691772,2026-03-01 21:02:46.562,solana
1772402586675,82.97715868418298,47266528588.161385,4834090370.197308,2026-03-01 22:03:06.675,solana
1772406189046,82.76729110844819,47206859796.282616,4901541525.508421,2026-03-01 23:03:09.046,solana
1772409798629,83.5819289531272,47610651879.38096,4983272906.546888,2026-03-02 00:03:18.629,solana
1772413340688,84.96258812169759,48398705668.16713,5134929276.69395,2026-03-02 01:02:20.688,solana
1772416935172,84.59248994999217,48221410344.98972,4956339068.934432,2026-03-02 02:02:15.172,solana
1772420533716,84.14430945252133,47924288618.49704,4605703430.370938,2026-03-02 03:02:13.716,solana
1772424018960,84.94810432821947,48372869657.90905,4580803301.044863,2026-03-02 04:00:18.960,solana
1772427695432,84.19815143752786,47960326018.304375,4415704989.179517,2026-03-02 05:01:35.432,solana
1772431289055,84.35686755691106,48079794946.326454,4423649860.903859,2026-03-02 06:01:29.055,solana
1772434896497,83.22220759799467,47406015673.45039,4323087581.397072,2026-03-02 07:01:36.497,solana
1772438495847,82.94391767609099,47255778937.81201,4414436105.860448,2026-03-02 08:01:35.847,solana
1772442087329,83.40795801727486,47518713239.44735,4421003139.519569,2026-03-02 09:01:27.329,solana
1772445767669,83.69238085414997,47700863107.57345,4415948292.555261,2026-03-02 10:02:47.669,solana
1772449338031,83.78295856976777,47738795302.0803,4400622540.825425,2026-03-02 11:02:18.031,solana
1772452970761,83.92055078167556,47843399148.948166,4477107885.514542,2026-03-02 12:02:50.761,solana
1772456547282,83.71362484260682,47692201384.19601,4454584292.618488,2026-03-02 13:02:27.282,solana
1772460215144,83.02722784021302,47303171425.83934,4450358496.11717,2026-03-02 14:03:35.144,solana
1772463784695,85.48410012066682,48680524537.88214,4651222716.32119,2026-03-02 15:03:04.695,solana
1772467394749,88.51926323614778,50366354602.36234,5428428462.063982,2026-03-02 16:03:14.749,solana
1772470941582,89.24714657533406,50847078524.720245,5779662636.196403,2026-03-02 17:02:21.582,solana
1772474556834,87.50729115946059,49688819031.81379,5228195159.76329,2026-03-02 18:02:36.834,solana
1772478235867,87.34164837305921,49826823109.69599,5925478460.162155,2026-03-02 19:03:55.867,solana
1772481786896,87.63094909345007,49900125849.15031,6016292974.391032,2026-03-02 20:03:06.896,solana
1772485236095,87.84249851061809,50054371918.075325,6012647034.441753,2026-03-02 21:00:36.095,solana
1772488994003,87.57367448943138,49891222924.18222,5979898881.844243,2026-03-02 22:03:14.003,solana
1772492576602,87.98532162198376,50139110152.118614,5937529490.805082,2026-03-02 23:02:56.602,solana
1772496206856,86.64219456910475,49373554115.157555,5865003420.539929,2026-03-03 00:03:26.856,solana
1772499725946,86.80551381606234,49446580356.862305,6002100516.758172,2026-03-03 01:02:05.946,solana
1772503039001,86.50118183156921,49308456007.40143,5891579409.641344,2026-03-03 01:57:19.001,solana
1772503402867,86.32542087698519,49244765940.546,5894661980.192505,2026-03-03 02:03:22.867,solana
1772506977130,86.17509678411959,49082715951.92706,5928371080.310274,2026-03-03 03:02:57.130,solana
1772510562720,86.31821460930618,49180550857.63797,5886220866.800477,2026-03-03 04:02:42.720,solana
1772514016031,85.78024466685022,48863842185.894035,5823135726.694325,2026-03-03 05:00:16.031,solana
1772517814586,85.60464660720783,48746738145.16639,5867518099.214046,2026-03-03 06:03:34.586,solana
1772521448852,85.78809130608646,48840489152.34217,5837079395.508433,2026-03-03 07:04:08.852,solana
1772524942041,85.54451414601739,48728225066.617935,5773287247.785469,2026-03-03 08:02:22.041,solana
1772528509396,84.12116741347937,47929450283.605034,5753463647.62609,2026-03-03 09:01:49.396,solana
1772532020472,84.2695631522519,47996582734.06246,5768081334.603717,2026-03-03 10:00:20.472,solana
1772535854421,83.95374387610423,47877593038.89208,5908846770.5138235,2026-03-03 11:04:14.421,solana
1772539381525,84.23048731118561,47981021394.895256,5888456964.833904,2026-03-03 12:03:01.525,solana
1772542885795,84.35683082804,48056003098.34193,6131619888.102528,2026-03-03 13:01:25.795,solana
1772546541579,83.47115317953902,47510226802.76206,6089402776.069658,2026-03-03 14:02:21.579,solana
1772550033501,83.14649426488889,47300255472.771645,6000189602.611736,2026-03-03 15:00:33.501,solana
1772553746586,84.92020269501951,48348890376.16222,5475439299.249534,2026-03-03 16:02:26.586,solana
1772557393536,85.4783860738055,48702805486.09691,5415339693.08438,2026-03-03 17:03:13.536,solana
1772561012833,85.21093495098974,48524951764.08502,5257420945.8459215,2026-03-03 18:03:32.833,solana
1772564419420,85.43135140657888,48691272425.812874,5326870645.971705,2026-03-03 19:00:19.420,solana
1772568014788,85.1467976477139,48558714813.82148,5298801206.861248,2026-03-03 20:00:14.788,solana
1772571762553,84.86923470136139,48373861174.02329,5200713043.890088,2026-03-03 21:02:42.553,solana
1772575356400,85.07539303189691,48404558181.59539,5154455800.963179,2026-03-03 22:02:36.400,solana
1772578884588,86.29296577491891,49177564196.91028,5147318308.713487,2026-03-03 23:01:24.588,solana
1772582542643,87.02548418578014,49584257749.44962,5218540398.934625,2026-03-04 00:02:22.643,solana
1772586154711,86.69543701657766,49384980101.5284,5185425647.383851,2026-03-04 01:02:34.711,solana
1772589710066,87.3192072658165,49817910134.624016,5306556928.781957,2026-03-04 02:01:50.066,solana
1772593367295,87.09522267249412,49623118399.48397,5267282751.691776,2026-03-04 03:02:47.295,solana
1772596993576,85.63968491750762,48794701833.67289,5432552910.610422,2026-03-04 04:03:13.576,solana
1772600691703,85.3016587569467,48569441553.850426,5424890759.406657,2026-03-04 05:04:51.703,solana
1772604225591,85.67907372557075,48687661614.75745,5463158046.76021,2026-03-04 06:03:45.591,solana
1772607696995,85.50381219367259,48707013622.056,5562960200.079004,2026-03-04 07:01:36.995,solana
1772611321670,87.29577623404222,49727640108.40194,5681683942.799693,2026-03-04 08:02:01.670,solana
1772614994205,89.33779779648893,50858390113.25918,5921938331.823041,2026-03-04 09:03:14.205,solana
1772618545319,90.68069560681855,51673044552.65762,6381893021.052813,2026-03-04 10:02:25.319,solana
1772622186888,90.09858463761545,51335606445.597015,6586238533.732618,2026-03-04 11:03:06.888,solana
1772625768601,89.77518942578345,51143940652.124954,6566258600.2343445,2026-03-04 12:02:48.601,solana
1772629409249,89.29859537638774,50871298925.10687,6622759607.470149,2026-03-04 13:03:29.249,solana
1772632993445,89.91851374634436,51224577711.78109,6732899833.505933,2026-03-04 14:03:13.445,solana
1772636578973,90.26758933000802,51403003677.14997,6914973900.886318,2026-03-04 15:02:58.973,solana
1772640210001,92.74746736180221,52714507110.68952,7362541105.572407,2026-03-04 16:03:30.001,solana
1772643775991,91.69324952348539,52261340411.7071,7161655245.210837,2026-03-04 17:02:55.991,solana
1772647406576,91.62372251019573,52239767996.93392,7202810242.49444,2026-03-04 18:03:26.576,solana
1772650975143,92.30576010703456,52552057522.31994,7188137887.32089,2026-03-04 19:02:55.143,solana
1772654629630,93.41305666144846,53256710398.51408,7421714355.632877,2026-03-04 20:03:49.630,solana
1772658172670,93.11422854724556,53162795051.97556,7507935925.380101,2026-03-04 21:02:52.670,solana
1772661703094,92.37827546561722,52621013433.54236,7537064613.212328,2026-03-04 22:01:43.094,solana
1772665358185,91.36001226024793,52100844884.49578,7510592562.543769,2026-03-04 23:02:38.185,solana
1772668967303,90.96286116719976,51836125591.43884,7418196819.775877,2026-03-05 00:02:47.303,solana
1772672609407,90.91989137857524,51837507525.47594,7458866982.634737,2026-03-05 01:03:29.407,solana
1772676214865,89.92332928141414,51229890473.876854,7446435475.273157,2026-03-05 02:03:34.865,solana
1772679739252,90.19284886883679,51379225229.09954,7336088455.046712,2026-03-05 03:02:19.252,solana
1772683383872,90.01079866516491,51276609020.202896,7234035762.123006,2026-03-05 04:03:03.872,solana
1772687002994,90.42774912651967,51524019763.20882,7217789189.959451,2026-03-05 05:03:22.994,solana
1772690569075,90.17558926402215,51378527612.10278,7128888602.679296,2026-03-05 06:02:49.075,solana
1772694216273,90.86575457816525,51757154829.024666,7069744271.514739,2026-03-05 07:03:36.273,solana
1772697786631,90.07177641389886,51327158219.18629,7145540682.012879,2026-03-05 08:03:06.631,solana
1772701399118,90.60961053388469,51576099088.729355,6841209563.162605,2026-03-05 09:03:19.118,solana
1772704861297,91.20666161875315,51961531975.704315,6438751380.825166,2026-03-05 10:01:01.297,solana
1772708576278,92.67681751038538,52814622097.89226,6338221441.025251,2026-03-05 11:02:56.278,solana
1772712177387,91.83821926110274,52345048549.31079,6178422000.067654,2026-03-05 12:02:57.387,solana
1772715785446,92.06260742077046,52466501897.00726,6146980906.906029,2026-03-05 13:03:05.446,solana
1772719442274,90.93449068204696,51857748339.50293,6132955044.120118,2026-03-05 14:04:02.274,solana
1772722860994,90.69683737551506,51605023621.860596,5946182462.233548,2026-03-05 15:01:00.994,solana
1772726527675,89.5366198400881,51012645709.47079,5612329507.294597,2026-03-05 16:02:07.675,solana
1772730153061,88.94165878808832,50683026344.74725,5494085689.604486,2026-03-05 17:02:33.061,solana
1772733837214,88.17051990328366,50270923071.228096,5400399328.5588,2026-03-05 18:03:57.214,solana
1772737283012,88.70752515773282,50530990005.07552,5396393327.969581,2026-03-05 19:01:23.012,solana
1772740966021,88.83632803937107,50633718117.17975,5141285741.421258,2026-03-05 20:02:46.021,solana
1772744555532,89.21416840075608,50836952390.56741,5070975301.3103485,2026-03-05 21:02:35.532,solana
1772748187908,89.12039016719704,50763635860.11526,5009618421.294332,2026-03-05 22:03:07.908,solana
1772751765137,89.22208477654938,50876874683.532135,4917899836.589935,2026-03-05 23:02:45.137,solana
1772755392254,88.73214898994317,50576677957.02328,4774782086.687515,2026-03-06 00:03:12.254,solana
1772758826594,88.78478143621474,50615185241.35456,4710562942.563378,2026-03-06 01:00:26.594,solana
1772762523356,89.12487519637786,50792828667.67921,4606041958.0104,2026-03-06 02:02:03.356,solana
1772766139825,88.41425588156598,50428405861.786316,4649085317.1728325,2026-03-06 03:02:19.825,solana
1772769785184,88.39706980639205,50375697526.99308,4615324212.9796295,2026-03-06 04:03:05.184,solana
1772773254804,88.08653355759078,50186710425.57857,4573881468.384134,2026-03-06 05:00:54.804,solana
1772776952305,87.84462005599399,50024844638.63961,4622038699.068731,2026-03-06 06:02:32.305,solana
1772780540232,88.11923713824176,50229801424.26603,4570258218.356309,2026-03-06 07:02:20.232,solana
1772784214938,88.7145323858682,50571519639.04637,4506087271.733749,2026-03-06 08:03:34.938,solana
1772787814197,88.3373018772827,50346590603.40529,4411909243.417105,2026-03-06 09:03:34.197,solana
1772791332891,87.46621463816895,49834823708.24718,4350344853.891546,2026-03-06 10:02:12.891,solana
1772795016098,87.72112332040224,50002025028.117165,4243081811.484906,2026-03-06 11:03:36.098,solana
1772798584550,87.22492084288791,49710341366.48515,4154350068.424939,2026-03-06 12:03:04.550,solana
1772802184587,86.45933785914367,49268127863.28807,4191077958.35801,2026-03-06 13:03:04.587,solana
1772805798750,85.99644350471316,49078846976.49903,4275542427.418886,2026-03-06 14:03:18.750,solana
1772809393446,84.31417397485039,48052935506.31884,4367365757.211163,2026-03-06 15:03:13.446,solana
1772812964662,84.57132658720931,48201596249.13522,4284002841.8630943,2026-03-06 16:02:44.662,solana
1772816411105,84.61149698599007,48259630703.74355,4103482186.836247,2026-03-06 17:00:11.105,solana
1772820191611,84.19121159827199,47982365787.65748,4095705303.2276464,2026-03-06 18:03:11.611,solana
1772823784681,85.38465205788225,48663920269.7471,4103981264.996519,2026-03-06 19:03:04.681,solana
1772827337615,85.25121034103242,48587699836.5005,4074652338.4386177,2026-03-06 20:02:17.615,solana
1772830938616,85.04314755041784,48466310605.05876,4027135478.4427705,2026-03-06 21:02:18.616,solana
1772834543306,84.70755114868109,48279399501.83478,4038605628.030773,2026-03-06 22:02:23.306,solana
1772838169980,84.97608148383881,48433280783.401344,4004985416.6650505,2026-03-06 23:02:49.980,solana
1772841792789,84.68229429850666,48259895159.56097,3950903005.5174084,2026-03-07 00:03:12.789,solana
1772845324888,84.76053282488452,48359510333.95032,3942007008.8970256,2026-03-07 01:02:04.888,solana
1772848992115,84.76498615704072,48363180929.09676,3893066112.600927,2026-03-07 02:03:12.115,solana
1772852592978,84.55569004818933,48243763190.97028,3736159547.6855555,2026-03-07 03:03:12.978,solana
1772856185144,84.47135112614036,48178257356.17918,3708373009.523751,2026-03-07 04:03:05.144,solana
1772859788791,84.34502238480083,48123560329.49286,3692643193.207243,2026-03-07 05:03:08.791,solana
1772863377931,84.39881743892514,48154712911.7009,3632924397.2334185,2026-03-07 06:02:57.931,solana
1772866974986,84.05802286095494,47966233143.91299,3591294955.0005646,2026-03-07 07:02:54.986,solana
1772870620889,84.29216004356432,48096475038.261,3555507789.2587276,2026-03-07 08:03:40.889,solana
1772874058622,84.40319710054177,48166182972.87659,3602195751.8069286,2026-03-07 09:00:58.622,solana
1772877676446,84.58990211534261,48274274201.16086,3425921921.9491215,2026-03-07 10:01:16.446,solana
1772881261489,84.510367033486,48246348428.01767,3405868340.000485,2026-03-07 11:01:01.489,solana
1772884825352,84.74105966497658,48359061244.62912,3366744413.651322,2026-03-07 12:00:25.352,solana
1772888550222,84.32261519392382,48120996997.01505,3162195756.559175,2026-03-07 13:02:30.222,solana
1772892149641,84.29164357076957,48111310354.6524,2935286424.321034,2026-03-07 14:02:29.641,solana
1772892339000,84.19241473426946,48057060858.81754,2875334917.9541473,2026-03-07 14:05:39.000,solana
1770300181379,0.2700268432742004,9933052167.355679,968412313.9226251,2026-02-05 14:03:01.379,cardano
1770303789283,0.27310851697947686,10047661389.801752,988823005.09581,2026-02-05 15:03:09.283,cardano
1770307372278,0.2628031727040579,9679302303.343557,1081977999.8556495,2026-02-05 16:02:52.278,cardano
1770310990819,0.26524935288939583,9755353005.119854,1129038854.7541826,2026-02-05 17:03:10.819,cardano
1770314564789,0.2584186790911389,9533025254.187202,1136330510.31588,2026-02-05 18:02:44.789,cardano
1770318047532,0.25729064037102406,9454616615.773596,1144323413.3104565,2026-02-05 19:00:47.532,cardano
1770321785608,0.25347985704504566,9329158095.555744,1154346370.189978,2026-02-05 20:03:05.608,cardano
1770325429403,0.24709726442395397,9074055403.17444,1271781876.1330326,2026-02-05 21:03:49.403,cardano
1770328972384,0.24668608720035862,9069548520.314865,1325681743.8887756,2026-02-05 22:02:52.384,cardano
1770332408993,0.2496805933570322,9181037247.20759,1380143472.6129282,2026-02-05 23:00:08.993,cardano
1770336177286,0.2450430797294719,9032693391.677439,1295258198.9594605,2026-02-06 00:02:57.286,cardano
1770339767179,0.24412924112505896,8981406321.104378,1668228436.076942,2026-02-06 01:02:47.179,cardano
1770343326830,0.25131405843175697,9221814283.848387,1768690315.8801665,2026-02-06 02:02:06.830,cardano
1770346841409,0.24555771561592435,9040335636.855522,1797197929.78203,2026-02-06 03:00:41.409,cardano
1770350430403,0.2481041168740656,9111727715.26007,1801200413.1519525,2026-02-06 04:00:30.403,cardano
1770354069876,0.2508620282596658,9228440583.31634,1702079074.591324,2026-02-06 05:01:09.876,cardano
1770357775544,0.257126825699056,9442659163.886293,1834403143.650408,2026-02-06 06:02:55.544,cardano
1770361414469,0.25444334779100697,9366755718.505255,1898061784.0511253,2026-02-06 07:03:34.469,cardano
1770365010129,0.2515438177192577,9258134577.154263,1911321694.5884929,2026-02-06 08:03:30.129,cardano
1770368552778,0.25069381734087065,9224675522.573826,1897459079.2124064,2026-02-06 09:02:32.778,cardano
1770372068159,0.2567757705071808,9445175855.164015,1958691162.9824362,2026-02-06 10:01:08.159,cardano
1770375761211,0.2613463097488648,9623696630.935156,1923129583.249284,2026-02-06 11:02:41.211,cardano
1770379408795,0.26156799235890293,9638446643.383753,2034604766.2549171,2026-02-06 12:03:28.795,cardano
1770383011866,0.2617520762614889,9624362280.305143,1974259458.395286,2026-02-06 13:03:31.866,cardano
1770386587342,0.2646420542699738,9746868290.423054,2026976467.0751855,2026-02-06 14:03:07.342,cardano
1770390186882,0.27009572400166537,9907697865.14839,2148626613.740665,2026-02-06 15:03:06.882,cardano
1770393814258,0.2733501669684527,10059805099.518446,1952000614.240492,2026-02-06 16:03:34.258,cardano
1770397355468,0.27895195385092597,10286012074.393553,2107742107.6221015,2026-02-06 17:02:35.468,cardano
1770400937828,0.281105635933512,10348877316.612051,2125061398.7138593,2026-02-06 18:02:17.828,cardano
1770404571398,0.2775262998354956,10211711050.594894,1946226692.019359,2026-02-06 19:02:51.398,cardano
1770408051547,0.2778205086424433,10215587942.354094,1938236956.4853854,2026-02-06 20:00:51.547,cardano
1770411781753,0.27595969107091406,10155048764.797312,1992000559.7239408,2026-02-06 21:03:01.753,cardano
1770415310677,0.2760788641996918,10155918801.607893,1783244876.865213,2026-02-06 22:01:50.677,cardano
1770418949597,0.2788321704741192,10257046916.58576,1773834300.7191126,2026-02-06 23:02:29.597,cardano
1770422586831,0.27605363982665737,10158775146.195631,1742511027.1022286,2026-02-07 00:03:06.831,cardano
1770426179083,0.2734913367304382,10061618620.096539,1508337021.5509405,2026-02-07 01:02:59.083,cardano
1770429758997,0.2746360277347972,10101403207.969017,1456641492.9869986,2026-02-07 02:02:38.997,cardano
1770433355936,0.27261616945363915,10022312024.773048,1442392307.9717567,2026-02-07 03:02:35.936,cardano
1770436934532,0.27567745614744177,10145944652.06018,1337929093.5900679,2026-02-07 04:02:14.532,cardano
1770440558450,0.2736578865357057,10069080298.957573,1342857118.7248936,2026-02-07 05:02:38.450,cardano
1770444233592,0.27349984493094426,10065463943.830784,1327120377.4670684,2026-02-07 06:03:53.592,cardano
1770447822455,0.27195297736669644,10015483136.652458,1440049431.1409047,2026-02-07 07:03:42.455,cardano
1770451412285,0.26855668515542763,9881338196.063892,1428393775.8161228,2026-02-07 08:03:32.285,cardano
1770454800786,0.2698852532014681,9928105486.576683,1413644528.1454692,2026-02-07 09:00:00.786,cardano
1770458417608,0.2673707054639812,9836623093.369856,1379712617.9152875,2026-02-07 10:00:17.608,cardano
1770462190274,0.266854928898804,9817888072.683672,1252084906.333853,2026-02-07 11:03:10.274,cardano
1770465790023,0.2667186353422469,9810952172.033335,1235831587.615694,2026-02-07 12:03:10.023,cardano
1770469363715,0.27172925173794976,10003724652.34864,1268498343.3232362,2026-02-07 13:02:43.715,cardano
1770473061789,0.27059581582593745,9950778357.932169,1229503343.5258868,2026-02-07 14:04:21.789,cardano
1770476545838,0.2688622670062988,9894101063.346285,1164249583.062809,2026-02-07 15:02:25.838,cardano
1770480219891,0.2724063522330639,10021004860.511715,1122905462.1772318,2026-02-07 16:03:39.891,cardano
1770483814821,0.27313882574424025,10053943965.705664,1289715788.2176254,2026-02-07 17:03:34.821,cardano
1770487435414,0.2738413385021084,10069648506.764309,1328772442.180728,2026-02-07 18:03:55.414,cardano
1770491069968,0.2771584985758973,10212797480.956108,1234660259.258159,2026-02-07 19:04:29.968,cardano
1770494591416,0.274533651834001,10107771058.660503,1278109713.9014966,2026-02-07 20:03:11.416,cardano
1770498176103,0.2753434815511472,10122558219.044477,1248283983.6435063,2026-02-07 21:02:56.103,cardano
1770501773746,0.2729209125579268,10044206724.289768,1157036184.8567646,2026-02-07 22:02:53.746,cardano
1770505366229,0.272405388444944,10016704129.025623,1209429927.5058517,2026-02-07 23:02:46.229,cardano
1770508951201,0.2722966629324464,10018932507.784698,1137122025.9002733,2026-02-08 00:02:31.201,cardano
1770512664792,0.27123478184713423,9977805744.271816,1197082981.704631,2026-02-08 01:04:24.792,cardano
1770516230957,0.2720279254316147,10006375862.440826,1182294148.6788898,2026-02-08 02:03:50.957,cardano
1770519817456,0.2703664974371731,9943323759.278683,1131691411.6469824,2026-02-08 03:03:37.456,cardano
1770523377223,0.26952420940748145,9925934111.790691,1119668340.0395374,2026-02-08 04:02:57.223,cardano
1770527013264,0.2702038233669783,9928933352.943594,1151019957.1613333,2026-02-08 05:03:33.264,cardano
1770530573605,0.2699506793164748,9932649252.75021,1079554115.7416573,2026-02-08 06:02:53.605,cardano
1770534185294,0.2697922023452557,9927272984.61575,1052914870.1970891,2026-02-08 07:03:05.294,cardano
1770537656295,0.2708051071444789,9960969921.883032,1005845595.1307616,2026-02-08 08:00:56.295,cardano
1770541378691,0.2750994984951353,10117642183.890242,1039504396.9615653,2026-02-08 09:02:58.691,cardano
1770544982920,0.2722573309922953,10021515315.928501,988697396.5600599,2026-02-08 10:03:02.920,cardano
1770548637463,0.27078549630777904,9963365768.766603,979911324.7911979,2026-02-08 11:03:57.463,cardano
1770552265809,0.2742669421137017,10088035429.900887,994269101.8688225,2026-02-08 12:04:25.809,cardano
1770555885661,0.2744019849303635,10091474942.487091,964129905.5821211,2026-02-08 13:04:45.661,cardano
1770559417077,0.2737972168184277,10068758624.13605,975273743.594689,2026-02-08 14:03:37.077,cardano
1770563025748,0.2743256182424616,10091726153.975681,964312596.8799925,2026-02-08 15:03:45.748,cardano
1770566607600,0.272281639038107,10015342111.45476,994212451.4425721,2026-02-08 16:03:27.600,cardano
1770570227859,0.2680370515028226,9868485040.502596,728216556.7460043,2026-02-08 17:03:47.859,cardano
1770573829397,0.2705385190877303,9952550327.047123,725752550.4672145,2026-02-08 18:03:49.397,cardano
1770577447702,0.27309368639830034,10051573137.062593,722189777.9112713,2026-02-08 19:04:07.702,cardano
1770581062586,0.2740403331618431,10080629099.079994,719113445.2916944,2026-02-08 20:04:22.586,cardano
1770584634596,0.27089519734669315,9974258502.375572,749483887.7618867,2026-02-08 21:03:54.596,cardano
1770588191803,0.26973538269901226,9917221494.845474,742682276.5895373,2026-02-08 22:03:11.803,cardano
1770591847638,0.2708101954101416,9964274555.220657,743316988.3989367,2026-02-08 23:04:07.638,cardano
1770595481840,0.2704050060681514,9953985812.762674,770618168.4862332,2026-02-09 00:04:41.840,cardano
1770599046366,0.269894674135962,9924750960.141676,735907290.5456278,2026-02-09 01:04:06.366,cardano
1770602610764,0.269424312723539,9915807044.719559,736576567.1867418,2026-02-09 02:03:30.764,cardano
1770606128240,0.27188907363214393,10012088737.939632,742562984.9081111,2026-02-09 03:02:08.240,cardano
1770609797874,0.2731405367218219,10056513265.737286,745106015.5700756,2026-02-09 04:03:17.874,cardano
1770613469224,0.27202861602291634,10009445053.61641,733773579.5870312,2026-02-09 05:04:29.224,cardano
1770617032587,0.2722369026421703,10016761519.551607,730269911.5149703,2026-02-09 06:03:52.587,cardano
1770620689171,0.2708850398575955,9967825175.838646,729464280.9716567,2026-02-09 07:04:49.171,cardano
1770624132422,0.26918901181509514,9907299099.353065,723193033.3669932,2026-02-09 08:02:12.422,cardano
1770627889453,0.26660652251327244,9819995827.428991,767662239.7979128,2026-02-09 09:04:49.453,cardano
1770631401537,0.26378597096805684,9708598442.327723,712631013.921218,2026-02-09 10:03:21.537,cardano
1770635033798,0.2602322362118684,9572206079.205023,714704964.9894295,2026-02-09 11:03:53.798,cardano
1770638651270,0.26124475777161477,9607808110.245655,691732743.617317,2026-02-09 12:04:11.270,cardano
1770642231112,0.2643338250235031,9724046172.983776,680906822.9823217,2026-02-09 13:03:51.112,cardano
1770645826715,0.2628801746012755,9676910098.175047,707297592.8964931,2026-02-09 14:03:46.715,cardano
1770649444195,0.2660713288682598,9784382692.990849,729637641.1257784,2026-02-09 15:04:04.195,cardano
1770653064527,0.2674511087068702,9833329525.11588,722241662.112331,2026-02-09 16:04:24.527,cardano
1770656576066,0.2699861357022546,9943909361.24212,656066406.0564725,2026-02-09 17:02:56.066,cardano
1770660192494,0.27179933450374244,10003316696.64386,657332558.5441298,2026-02-09 18:03:12.494,cardano
1770663720590,0.2702198041197639,9953816161.590996,651752679.2375787,2026-02-09 19:02:00.590,cardano
1770667375144,0.2709953257603175,9971819608.76743,638791830.5428481,2026-02-09 20:02:55.144,cardano
1770671017323,0.27105472210837406,9968814836.162945,626870640.5284948,2026-02-09 21:03:37.323,cardano
1770674606972,0.27026982283995177,9928723850.755972,560388737.0533311,2026-02-09 22:03:26.972,cardano
1770678295025,0.27041356810060857,9948005330.45785,596256653.3617798,2026-02-09 23:04:55.025,cardano
1770681831646,0.26971439922904944,9922736889.391073,560362015.3876189,2026-02-10 00:03:51.646,cardano
1770685460132,0.26858587313121235,9882671070.748064,539443733.9124297,2026-02-10 01:04:20.132,cardano
1770689058377,0.26994512193257986,9934310653.425972,519976580.7183752,2026-02-10 02:04:18.377,cardano
1770692656665,0.26912397179554076,9900213174.830515,493565504.6827231,2026-02-10 03:04:16.665,cardano
1770696249020,0.2660168926455516,9790252386.228277,478361672.4200415,2026-02-10 04:04:09.020,cardano
1770699738381,0.2676514375774592,9847875042.970451,477474679.32506436,2026-02-10 05:02:18.381,cardano
1770703423194,0.26553737766091917,9767430204.600681,474207769.2793633,2026-02-10 06:03:43.194,cardano
1770706839994,0.2622201981201471,9691302513.16164,463188361.720228,2026-02-10 07:00:39.994,cardano
1770710550371,0.2627503490462252,9660306290.226912,507600862.8534071,2026-02-10 08:02:30.371,cardano
1770714174293,0.2641059857308205,9718078233.692581,438980227.1770491,2026-02-10 09:02:54.293,cardano
1770717806812,0.26436496700935985,9726034343.189947,429860703.8738054,2026-02-10 10:03:26.812,cardano
1770721327180,0.26353795940841973,9696876136.033134,408905114.2881937,2026-02-10 11:02:07.180,cardano
1770724953125,0.2629393945587594,9675847321.17764,408710875.46295404,2026-02-10 12:02:33.125,cardano
1770728580939,0.2622862553406728,9653382681.243198,407433490.6482343,2026-02-10 13:03:00.939,cardano
1770732171833,0.26303974473559566,9675852123.95481,405464108.5852408,2026-02-10 14:02:51.833,cardano
1770735825143,0.26273077547274415,9667970139.60563,393444646.0567709,2026-02-10 15:03:45.143,cardano
1770739271566,0.2638261171820541,9705036010.725365,428514808.6732316,2026-02-10 16:01:11.566,cardano
1770743065227,0.2627673886335307,9668389135.91067,435564082.6168838,2026-02-10 17:04:25.227,cardano
1770746559172,0.26420868220019544,9714329780.78714,420317917.7632723,2026-02-10 18:02:39.172,cardano
1770750158665,0.2609039930424585,9599364204.396856,416794271.9897212,2026-02-10 19:02:38.665,cardano
1770753655542,0.2624834180559834,9659899978.11833,382393141.8853095,2026-02-10 20:00:55.542,cardano
1770757375812,0.2619667298372821,9640627503.979256,376211234.8521318,2026-02-10 21:02:55.812,cardano
1770760979164,0.261423576670566,9621654212.916426,371676331.3535611,2026-02-10 22:02:59.164,cardano
1770764590472,0.26176750097650825,9635012940.419441,368589362.0431499,2026-02-10 23:03:10.472,cardano
1770768169088,0.26161978333513325,9626057961.58074,364443771.8008933,2026-02-11 00:02:49.088,cardano
1770771758612,0.2625942760831336,9664592705.031902,360970507.6972049,2026-02-11 01:02:38.612,cardano
1770775391216,0.2631097883063603,9677440944.245537,365042579.80901533,2026-02-11 02:03:11.216,cardano
1770778994644,0.26284259737846866,9675461693.380873,360414669.5402686,2026-02-11 03:03:14.644,cardano
1770782446767,0.2624499222232134,9661320990.357773,339994103.988462,2026-02-11 04:00:46.767,cardano
1770786016710,0.2590585399907313,9536597082.262835,387528681.6880917,2026-02-11 05:00:16.710,cardano
1770789785031,0.25801109385429377,9492061965.622597,391998031.34425336,2026-02-11 06:03:05.031,cardano
1770793383758,0.25516078856086416,9387848076.668993,357347427.5224171,2026-02-11 07:03:03.758,cardano
1770797036573,0.2558421924868055,9414612982.33888,381257262.5980479,2026-02-11 08:03:56.573,cardano
1770800476504,0.25504712455808853,9384531247.63318,345027047.67701894,2026-02-11 09:01:16.504,cardano
1770804189534,0.253852242987797,9340397650.624529,343900516.3177217,2026-02-11 10:03:09.534,cardano
1770807787310,0.25281244979298473,9291164724.689047,381199364.4712671,2026-02-11 11:03:07.310,cardano
1770811464715,0.25508233951584025,9386997210.987118,346483786.9430204,2026-02-11 12:04:24.715,cardano
1770814924388,0.2543573068410547,9359033097.049412,348024257.7435867,2026-02-11 13:02:04.388,cardano
1770818615700,0.2558146646279524,9397875989.09143,395654855.0111516,2026-02-11 14:03:35.700,cardano
1770822009675,0.255444238983854,9394995007.782522,413631518.56121236,2026-02-11 15:00:09.675,cardano
1770825647289,0.2529815110810537,9295571621.044113,433227273.9964664,2026-02-11 16:00:47.289,cardano
1770829377453,0.2520661562880753,9276322913.59971,423840866.45148987,2026-02-11 17:02:57.453,cardano
1770832831071,0.2556046937081908,9406194062.980837,429760599.0584046,2026-02-11 18:00:31.071,cardano
1770836555229,0.2579688040092685,9496141668.629642,399996844.4242893,2026-02-11 19:02:35.229,cardano
1770840105710,0.2571970139782224,9464128586.489876,397554338.8663772,2026-02-11 20:01:45.710,cardano
1770843668177,0.2576007120364171,9476422746.740856,391564438.5223254,2026-02-11 21:01:08.177,cardano
1770847331592,0.25864356917634523,9522157460.176907,401238448.7020634,2026-02-11 22:02:11.592,cardano
1770850963074,0.25658996227834996,9442476997.584057,403612033.5141809,2026-02-11 23:02:43.074,cardano
1770854400755,0.25533384814610166,9394476865.86574,403154699.79614437,2026-02-12 00:00:00.755,cardano
1770858213024,0.25771582582341973,9485128030.489506,408745342.9513631,2026-02-12 01:03:33.024,cardano
1770861698275,0.2575982111758907,9481093168.776363,421422836.27286756,2026-02-12 02:01:38.275,cardano
1770865333738,0.25816064055426147,9499651699.632961,424872886.9504098,2026-02-12 03:02:13.738,cardano
1770868941728,0.2589786624164201,9524852238.296091,418021706.06949025,2026-02-12 04:02:21.728,cardano
1770872530872,0.2580693539362995,9496876767.193771,407762565.88901097,2026-02-12 05:02:10.872,cardano
1770876190623,0.2590266453502093,9530183071.826849,399924256.53307754,2026-02-12 06:03:10.623,cardano
1770879753098,0.26084908999065465,9597401384.88365,388867807.1496258,2026-02-12 07:02:33.098,cardano
1770883391723,0.2623041904695683,9648851427.544722,388306978.1427152,2026-02-12 08:03:11.723,cardano
1770886805794,0.262017120772223,9638921247.175709,432036720.61109823,2026-02-12 09:00:05.794,cardano
1770890546538,0.26526071333940093,9760482777.247288,397361513.6211461,2026-02-12 10:02:26.538,cardano
1770894153540,0.26864888674259835,9870824534.954914,455449396.1214643,2026-02-12 11:02:33.540,cardano
1770897667933,0.2672005610432035,9829251701.91155,418592684.0631748,2026-02-12 12:01:07.933,cardano
1770901365723,0.26483330917477466,9743947529.644087,462733693.1680296,2026-02-12 13:02:45.723,cardano
1770904971673,0.266731230489941,9795781353.763119,459262907.7705362,2026-02-12 14:02:51.673,cardano
1770908565299,0.26608361315985585,9794398071.080046,430114693.24334943,2026-02-12 15:02:45.299,cardano
1770912136341,0.2630711921308561,9698414870.074072,421586784.83257085,2026-02-12 16:02:16.341,cardano
1770915781622,0.25869496166871137,9518502876.951841,433880056.7836091,2026-02-12 17:03:01.622,cardano
1770919201021,0.25994765203659503,9580038502.924923,402713845.67351323,2026-02-12 18:00:01.021,cardano
1770922835154,0.25995460339451837,9566719423.185339,405113993.38697535,2026-02-12 19:00:35.154,cardano
1770926485881,0.26205866097704517,9663217184.555256,454264412.34111965,2026-02-12 20:01:25.881,cardano
1770930000965,0.25884197835787603,9535835372.830322,407246633.3174456,2026-02-12 21:00:00.965,cardano
1770933621947,0.25958371344280223,9551524450.280972,404035474.684024,2026-02-12 22:00:21.947,cardano
1770937297625,0.2619454179043578,9622119636.481482,451315553.56466305,2026-02-12 23:01:37.625,cardano
1770940817987,0.26413425769481996,9718758465.127356,411820749.7756639,2026-02-13 00:00:17.987,cardano
1770944506962,0.2623622921409425,9653361541.791754,459569833.5231443,2026-02-13 01:01:46.962,cardano
1770948190857,0.2627556711465944,9678568136.812572,423435823.1713057,2026-02-13 02:03:10.857,cardano
1770951642561,0.263582103663818,9687571390.142084,464513560.402058,2026-02-13 03:00:42.561,cardano
1770955399514,0.262715725118456,9670493268.027122,423103994.3901965,2026-02-13 04:03:19.514,cardano
1770958997519,0.2616667838894337,9628570423.640291,429588303.02561283,2026-02-13 05:03:17.519,cardano
1770962605329,0.25991674669944154,9564867430.699034,471306996.0649056,2026-02-13 06:03:25.329,cardano
1770966136801,0.2610443486555482,9599611223.996574,473381822.35396475,2026-02-13 07:02:16.801,cardano
1770969792318,0.2619423087396482,9636616516.563334,476620863.7612899,2026-02-13 08:03:12.318,cardano
1770973348274,0.26363314936241916,9698351426.505442,427238821.05746806,2026-02-13 09:02:28.274,cardano
1770976938646,0.26322349293017455,9686598333.672564,412727059.05327684,2026-02-13 10:02:18.646,cardano
1770980553112,0.2636559547908781,9699488631.266605,407846253.22112143,2026-02-13 11:02:33.112,cardano
1770984103710,0.263678838859357,9702059455.180641,398164766.4336241,2026-02-13 12:01:43.710,cardano
1770987754830,0.26281697868277654,9671282324.314651,393357731.5275523,2026-02-13 13:02:34.830,cardano
1770991234931,0.26579434685482983,9770642337.968882,434766769.6709857,2026-02-13 14:00:34.931,cardano
1770994930713,0.26562078769540554,9785849999.029158,449636311.32180667,2026-02-13 15:02:10.713,cardano
1770998500633,0.26882452199960405,9891603421.603369,428776907.3412244,2026-02-13 16:01:40.633,cardano
1771002115760,0.27364786473531677,10063040577.616005,455664365.1791424,2026-02-13 17:01:55.760,cardano
1771005624576,0.2720464196961799,10012207810.218306,402605477.27277833,2026-02-13 18:00:24.576,cardano
1771009405579,0.27234399257599645,10022434951.842085,414706351.5748151,2026-02-13 19:03:25.579,cardano
1771012958934,0.2726281606722226,10038600944.184433,409005144.89729697,2026-02-13 20:02:38.934,cardano
1771016407064,0.27316520589641435,10047970560.973318,445192026.6649824,2026-02-13 21:00:07.064,cardano
1771020201381,0.2737258606871591,10072701662.123495,408964648.2155112,2026-02-13 22:03:21.381,cardano
1771023687560,0.27229746188226095,10018435553.317604,413162349.5364977,2026-02-13 23:01:27.560,cardano
1771027336701,0.2726900854995387,10030601194.523094,401400884.899511,2026-02-14 00:02:16.701,cardano
1771030883983,0.27421421106368266,10092117537.414474,395059459.6847127,2026-02-14 01:01:23.983,cardano
1771034492128,0.2759871642809347,10157371345.555536,433743596.31461644,2026-02-14 02:01:32.128,cardano
1771038086998,0.27575329860255976,10146010947.828154,394869878.4218873,2026-02-14 03:01:26.998,cardano
1771041709330,0.27710604454565374,10192302112.314297,426296382.9118672,2026-02-14 04:01:49.330,cardano
1771045365565,0.27598338095694885,10157620160.530981,428079373.5960485,2026-02-14 05:02:45.565,cardano
1771048970633,0.2755423757405049,10145077767.64359,426568267.8631365,2026-02-14 06:02:50.633,cardano
1771052558091,0.27437747502871257,10097261011.977554,384492334.8356905,2026-02-14 07:02:38.091,cardano
1771056001023,0.27560393861293037,10143261574.622961,390561933.33387536,2026-02-14 08:00:01.023,cardano
1771059855101,0.2786982406149074,10258485537.490442,400975051.8822645,2026-02-14 09:04:15.101,cardano
1771063340765,0.27824241213420065,10239254239.528412,395218378.5779187,2026-02-14 10:02:20.765,cardano
1771066889315,0.27825303085406916,10235778133.651016,430571533.8185059,2026-02-14 11:01:29.315,cardano
1771070585830,0.28300928613274323,10412627926.665302,415194722.6940003,2026-02-14 12:03:05.830,cardano
1771074199926,0.2817164209908491,10367228720.925737,426096774.15108794,2026-02-14 13:03:19.926,cardano
1771077820987,0.2813274603813764,10368750570.296568,419208798.3045607,2026-02-14 14:03:40.987,cardano
1771081357079,0.28619554912106787,10511190695.33802,448187129.51418114,2026-02-14 15:02:37.079,cardano
1771084985911,0.28580155632455045,10504431654.494825,412814129.6828566,2026-02-14 16:03:05.911,cardano
1771088558448,0.2896627915246531,10655696255.79172,408580633.5884487,2026-02-14 17:02:38.448,cardano
1771092220850,0.28969377038709854,10668142145.520485,419758020.2872806,2026-02-14 18:03:40.850,cardano
1771095757166,0.2930865382041522,10786941393.08744,411420774.7208337,2026-02-14 19:02:37.166,cardano
1771099375057,0.2983146571082635,10974926075.758305,443003123.2734785,2026-02-14 20:02:55.057,cardano
1771102942581,0.29713309896859463,10939686951.6992,458514739.3619351,2026-02-14 21:02:22.581,cardano
1771106400401,0.29588026903093306,10881615444.770596,482702468.620962,2026-02-14 22:00:00.401,cardano
1771110029552,0.29747627221040207,10953974552.1992,488037293.2102833,2026-02-14 23:00:29.552,cardano
1771113757509,0.29513732246807856,10862685539.791986,487815594.352062,2026-02-15 00:02:37.509,cardano
1771117364446,0.2968398335507552,10925635862.156485,529547602.8352623,2026-02-15 01:02:44.446,cardano
1771120809124,0.2958433151513453,10874436200.885017,502850062.63636214,2026-02-15 02:00:09.124,cardano
1771124491935,0.2953916092347056,10862982850.827812,553800247.3301929,2026-02-15 03:01:31.935,cardano
1771128226152,0.29702931429288576,10924614034.084225,548869786.1532183,2026-02-15 04:03:46.152,cardano
1771131727189,0.297591117994049,10956057643.1893,606864727.0648855,2026-02-15 05:02:07.189,cardano
1771135351766,0.2981892275758542,10968601783.769314,579635819.6001755,2026-02-15 06:02:31.766,cardano
1771139012362,0.29702556133669666,10932783901.308989,620652799.1376787,2026-02-15 07:03:32.362,cardano
1771142456484,0.30035356744577807,11047022621.224167,638368239.360161,2026-02-15 08:00:56.484,cardano
1771146186264,0.29619837095084506,10893259091.28207,655283676.4035362,2026-02-15 09:03:06.264,cardano
1771149728048,0.2954075713243093,10881362772.24479,613584618.119582,2026-02-15 10:02:08.048,cardano
1771153332745,0.29258591910582576,10768770676.873125,626427109.1744395,2026-02-15 11:02:12.745,cardano
1771156949138,0.29041635499340007,10690637429.841206,654178115.3415848,2026-02-15 12:02:29.138,cardano
1771160646194,0.2850455519498665,10509635438.095514,686812189.8945247,2026-02-15 13:04:06.194,cardano
1771164064361,0.28210026097255797,10385085679.023197,690421095.4586369,2026-02-15 14:01:04.361,cardano
1771167713255,0.28477071643260116,10485063935.987925,644493385.3042437,2026-02-15 15:01:53.255,cardano
1771171433692,0.28413974612658116,10458469500.917067,637131874.6857135,2026-02-15 16:03:53.692,cardano
1771175068483,0.2835470970719873,10431894449.70116,627184998.5714636,2026-02-15 17:04:28.483,cardano
1771178632117,0.280242947478681,10298985704.356007,678458470.926162,2026-02-15 18:03:52.117,cardano
1771182200577,0.27882001021349767,10252436899.713097,623378722.0774505,2026-02-15 19:03:20.577,cardano
1771185782122,0.27898335763926935,10268673833.64976,601121473.1231494,2026-02-15 20:03:02.122,cardano
1771189383207,0.279207717320917,10274490158.901518,631173390.5366294,2026-02-15 21:03:03.207,cardano
1771192959308,0.2803100560850709,10318388492.461937,562674622.386414,2026-02-15 22:02:39.308,cardano
1771196667272,0.28197789970053133,10383525327.923395,555191993.1927657,2026-02-15 23:04:27.272,cardano
1771200117159,0.28174736782766985,10370075606.18424,547964753.2018951,2026-02-16 00:01:57.159,cardano
1771203772384,0.2819976970735899,10377474081.981619,544329305.3189516,2026-02-16 01:02:52.384,cardano
1771207345337,0.2807846784123098,10330204309.593311,529734943.15609586,2026-02-16 02:02:25.337,cardano
1771210951419,0.2800688799645467,10312857211.856861,512289880.3763568,2026-02-16 03:02:31.419,cardano
1771214448351,0.2800227022568729,10303956737.255684,485207747.4477355,2026-02-16 04:00:48.351,cardano
1771218149997,0.28191911919094376,10368390117.952175,502383042.09355986,2026-02-16 05:02:29.997,cardano
1771221722460,0.27805684331987074,10233338030.072668,457064079.6581098,2026-02-16 06:02:02.460,cardano
1771225388298,0.27996055491696736,10301765741.157574,450535116.05957437,2026-02-16 07:03:08.298,cardano
1771228823130,0.2800742344119127,10305390218.907934,436705182.24305266,2026-02-16 08:00:23.130,cardano
1771232516111,0.28161244056844675,10366202916.675325,400506297.12493664,2026-02-16 09:01:56.111,cardano
1771236116896,0.2847063349923667,10478516723.20915,421920430.6073016,2026-02-16 10:01:56.896,cardano
1771239730081,0.28264402515067305,10402141898.321592,402013506.5674289,2026-02-16 11:02:10.081,cardano
1771243360498,0.28297777301039173,10413857496.041323,404576744.3130894,2026-02-16 12:02:40.498,cardano
1771246944953,0.2869948788166225,10562123795.280388,394781178.90245295,2026-02-16 13:02:24.953,cardano
1771250619314,0.2809777104801088,10337906583.13894,407602278.4261891,2026-02-16 14:03:39.314,cardano
1771254137366,0.2841876601238889,10466638246.485449,380615721.68717146,2026-02-16 15:02:17.366,cardano
1771257689460,0.27889619872180726,10265548678.239082,393963872.2179403,2026-02-16 16:01:29.460,cardano
1771261423850,0.280888811508828,10332466047.291935,392222828.2202399,2026-02-16 17:03:43.850,cardano
1771264902500,0.2820499759191763,10381772911.17748,371700318.3111525,2026-02-16 18:01:42.500,cardano
1771268578762,0.2815901689234675,10362466834.140974,356295634.4344561,2026-02-16 19:02:58.762,cardano
1771272140072,0.28261431463197406,10401882961.19067,378868186.4824711,2026-02-16 20:02:20.072,cardano
1771275776458,0.28528814941237096,10495415796.962852,343243634.9345384,2026-02-16 21:02:56.458,cardano
1771279468865,0.2864035883950377,10537927942.283052,380890760.2636003,2026-02-16 22:04:28.865,cardano
1771282981665,0.2849654959297971,10489224950.911627,349110268.2576377,2026-02-16 23:03:01.665,cardano
1771286481628,0.2857198232708819,10513496566.526453,349892806.6066278,2026-02-17 00:01:21.628,cardano
1771290124418,0.28540525244806403,10503138392.462023,392109507.98210484,2026-02-17 01:02:04.418,cardano
1771293739392,0.28473391567994843,10478803795.519361,389006903.5638466,2026-02-17 02:02:19.392,cardano
1771297384314,0.28852878820445016,10619694083.6116,360070992.93694466,2026-02-17 03:03:04.314,cardano
1771300800715,0.2869901644369299,10561791898.262354,354800550.15069103,2026-02-17 04:00:00.715,cardano
1771304524755,0.2864337827986376,10540057163.17379,359363809.39379233,2026-02-17 05:02:04.755,cardano
1771308211566,0.2853432258654015,10500908463.626581,354543610.09247625,2026-02-17 06:03:31.566,cardano
1771311600287,0.28726334464593223,10571354332.875917,390379495.01240665,2026-02-17 07:00:00.287,cardano
1771315354941,0.2873595265740082,10597461585.429844,408355509.3961317,2026-02-17 08:02:34.941,cardano
1771318877164,0.28348962538059574,10431887856.007687,373432523.22145635,2026-02-17 09:01:17.164,cardano
1771322413868,0.2817568516581399,10368915007.121538,372055021.78989995,2026-02-17 10:00:13.868,cardano
1771326150702,0.2798157198639729,10294493680.919508,369493706.16574454,2026-02-17 11:02:30.702,cardano
1771329721332,0.2803702152029784,10317210443.87772,366852196.9994387,2026-02-17 12:02:01.332,cardano
1771333301038,0.28185282743490053,10382663374.227518,360874411.45399296,2026-02-17 13:01:41.038,cardano
1771336961928,0.2836096892662515,10433541336.531593,335071466.0351896,2026-02-17 14:02:41.928,cardano
1771340556267,0.27825575981071876,10245647040.14359,369270534.3980964,2026-02-17 15:02:36.267,cardano
1771344059772,0.28076542944005145,10329549904.351692,337403906.5993488,2026-02-17 16:00:59.772,cardano
1771347797225,0.2834394653241266,10434252422.53249,378116539.05503607,2026-02-17 17:03:17.225,cardano
1771351345475,0.2805112562608142,10304996229.64344,384243823.5136321,2026-02-17 18:02:25.475,cardano
1771354991293,0.2852056067047222,10490078319.667112,393316740.4287345,2026-02-17 19:03:11.293,cardano
1771358416869,0.28325597511192496,10419166264.692228,395807283.1052738,2026-02-17 20:00:16.869,cardano
1771362046384,0.28246014735327507,10399038764.532469,355104789.023943,2026-02-17 21:00:46.384,cardano
1771365783984,0.2822338051160937,10378315354.651218,382576714.24334973,2026-02-17 22:03:03.984,cardano
1771369373888,0.281428790032267,10353544160.555367,369593955.2062705,2026-02-17 23:02:53.888,cardano
1771372936041,0.28088710386637994,10338569318.84541,338782398.19702965,2026-02-18 00:02:16.041,cardano
1771376525053,0.28004649764435224,10309265443.418655,333556818.3708724,2026-02-18 01:02:05.053,cardano
1771380127221,0.2798178216821324,10290595747.464272,336718471.4851761,2026-02-18 02:02:07.221,cardano
1771383705258,0.2823423192947484,10389075834.608536,331902996.57319754,2026-02-18 03:01:45.258,cardano
1771387395285,0.28308965373758216,10416401700.329208,330241312.63987154,2026-02-18 04:03:15.285,cardano
1771390884805,0.2821205509650324,10388699631.201504,331664093.97272116,2026-02-18 05:01:24.805,cardano
1771394522341,0.2823204554427144,10390870016.585209,326719216.72810835,2026-02-18 06:02:02.341,cardano
1771398141893,0.282465561619359,10395275971.55001,329001531.4128284,2026-02-18 07:02:21.893,cardano
1771401652229,0.2845341607793689,10467230757.49978,314831046.187628,2026-02-18 08:00:52.229,cardano
1771405304356,0.2851388131020355,10493385874.960272,311829582.04053396,2026-02-18 09:01:44.356,cardano
1771409005204,0.2851571771099018,10490370598.506744,306610918.155918,2026-02-18 10:03:25.204,cardano
1771412496164,0.2831005946886335,10415571897.406961,302126346.99142295,2026-02-18 11:01:36.164,cardano
1771416023243,0.2814673701102093,10365751227.229103,313111814.3908409,2026-02-18 12:00:23.243,cardano
1771419759674,0.282733500590374,10409356659.821722,345955120.8193237,2026-02-18 13:02:39.674,cardano
1771423322275,0.28077191146684805,10312328383.336454,348890833.6855677,2026-02-18 14:02:02.275,cardano
1771426916710,0.2811750233281022,10344019849.018854,333789084.0937738,2026-02-18 15:01:56.710,cardano
1771430543179,0.2844640324785982,10484215738.587801,339082857.8276646,2026-02-18 16:02:23.179,cardano
1771434019989,0.2800739193689756,10308464970.00169,328586578.0040081,2026-02-18 17:00:19.989,cardano
1771437713902,0.2797952514719101,10303959226.614174,293185941.9437058,2026-02-18 18:01:53.902,cardano
1771441311133,0.27571503615450554,10153246546.233103,328051076.35952085,2026-02-18 19:01:51.133,cardano
1771444941056,0.27326822527255346,10065533353.592916,339911912.7148687,2026-02-18 20:02:21.056,cardano
1771448525289,0.27421479511423874,10093914132.475267,341462318.6974408,2026-02-18 21:02:05.289,cardano
1771452156406,0.2736492444185467,10070303803.982092,353231313.1326268,2026-02-18 22:02:36.406,cardano
1771455751597,0.2735295204555729,10069542003.819263,356596117.9674636,2026-02-18 23:02:31.597,cardano
1771459269563,0.2735779081422591,10072606686.8631,351037592.8620817,2026-02-19 00:01:09.563,cardano
1771462871572,0.2725624380439244,10027842659.494425,360966493.39752984,2026-02-19 01:01:11.572,cardano
1771466602062,0.27480718509812857,10109069638.30773,337272122.0557882,2026-02-19 02:03:22.062,cardano
1771470237747,0.2744578611662446,10099551556.915731,367226069.3523858,2026-02-19 03:03:57.747,cardano
1771473634348,0.27488625312748544,10116489396.731655,340884575.41650164,2026-02-19 04:00:34.348,cardano
1771477410728,0.27463892670617573,10109269165.35664,340832684.0490072,2026-02-19 05:03:30.728,cardano
1771480829112,0.27453950938425425,10101870631.675518,348008648.1835606,2026-02-19 06:00:29.112,cardano
1771484458207,0.2761594739342151,10163618541.282093,343574999.91633666,2026-02-19 07:00:58.207,cardano
1771488107113,0.2761186254842632,10162512745.66328,376133930.4404474,2026-02-19 08:01:47.113,cardano
1771491711018,0.2739016617241385,10079158908.311049,377870783.2228613,2026-02-19 09:01:51.018,cardano
1771495333004,0.2735731290163835,10078048954.475939,358978771.3124679,2026-02-19 10:02:13.004,cardano
1771498946174,0.27339855534123836,10062684907.94044,364067753.0745282,2026-02-19 11:02:26.174,cardano
1771502552737,0.2722414914672753,10024173721.657263,344263975.11258084,2026-02-19 12:02:32.737,cardano
1771506059464,0.2720293401296982,10014048356.007923,348768218.08874744,2026-02-19 13:00:59.464,cardano
1771509736888,0.26973608078552086,9923032130.274221,372855340.0796395,2026-02-19 14:02:16.888,cardano
1771513218121,0.27252203588796614,10024382770.262877,390512417.1712153,2026-02-19 15:00:18.121,cardano
1771516959156,0.26993780857840544,9941126586.198967,388782024.4169953,2026-02-19 16:02:39.156,cardano
1771520539669,0.26933102123026487,9910531638.676273,392751777.1332804,2026-02-19 17:02:19.669,cardano
1771524135680,0.26914502584025457,9909344107.07491,402861651.12121564,2026-02-19 18:02:15.680,cardano
1771527724758,0.27284377007234234,10040759435.316315,390478861.12803894,2026-02-19 19:02:04.758,cardano
1771531393550,0.27278023445283994,10033737039.760246,375812210.9242307,2026-02-19 20:03:13.550,cardano
1771535031182,0.27259501196696884,10033387257.38484,331829266.34990096,2026-02-19 21:03:51.182,cardano
1771538520245,0.27230510949070796,10029552287.825394,363234687.1959767,2026-02-19 22:02:00.245,cardano
1771542124554,0.27202279868953244,10005752347.352282,360406213.9039064,2026-02-19 23:02:04.554,cardano
1771545775738,0.2726689743075106,10030099802.095785,357631098.8367255,2026-02-20 00:02:55.738,cardano
1771549342317,0.2741591047655934,10091512531.833675,353909137.4390575,2026-02-20 01:02:22.317,cardano
1771553000610,0.2738983595010339,10080859811.884823,343182488.43925,2026-02-20 02:03:20.610,cardano
1771556617224,0.27386854224121504,10084474252.101242,339464425.936932,2026-02-20 03:03:37.224,cardano
1771560163104,0.27369719760457983,10084898925.838009,306807828.2396177,2026-02-20 04:02:43.104,cardano
1771563815750,0.2723802230334668,10026878340.955233,314159611.0670617,2026-02-20 05:03:35.750,cardano
1771567444440,0.274910051329922,10118017381.452868,345777142.6577328,2026-02-20 06:04:04.440,cardano
1771570860719,0.2745330271826389,10103803683.523367,317357061.60084504,2026-02-20 07:01:00.719,cardano
1771574621403,0.27369337169440805,10075451913.35669,345492731.9530469,2026-02-20 08:03:41.403,cardano
1771578160478,0.2746469806695216,10110199858.859041,338240714.85201824,2026-02-20 09:02:40.478,cardano
1771581627272,0.27711629999883824,10184357832.817236,330052535.29988074,2026-02-20 10:00:27.272,cardano
1771585406831,0.2783886447733972,10244817884.626028,334342001.9370784,2026-02-20 11:03:26.831,cardano
1771588877847,0.27704185860972824,10196995440.86401,340119822.102376,2026-02-20 12:01:17.847,cardano
1771592554820,0.27694334578500074,10193401548.264374,339717381.68588847,2026-02-20 13:02:34.820,cardano
1771596120324,0.2717075054729463,9997537888.5636,340308339.93304217,2026-02-20 14:02:00.324,cardano
1771599693253,0.27727872836030837,10220026892.792446,352350466.5110445,2026-02-20 15:01:33.253,cardano
1771603408168,0.28716578077274485,10532704382.270353,406003950.147559,2026-02-20 16:03:28.168,cardano
1771606942011,0.28747608132723773,10544343978.97318,446138360.12766045,2026-02-20 17:02:22.011,cardano
1771610556921,0.2855067693898569,10508802753.003431,458823465.9684411,2026-02-20 18:02:36.921,cardano
1771614097610,0.2829184290157885,10406768428.6424,487752524.7814096,2026-02-20 19:01:37.610,cardano
1771617785575,0.28252776801943186,10392696800.658218,488683313.57553756,2026-02-20 20:03:05.575,cardano
1771621398838,0.2839572627761881,10452273983.714708,499867968.0572283,2026-02-20 21:03:18.838,cardano
1771624815100,0.2844049861278814,10466543861.037811,498654629.30220276,2026-02-20 22:00:15.100,cardano
1771628530133,0.2851827606969118,10496585614.974373,502944500.39414525,2026-02-20 23:02:10.133,cardano
1771632025902,0.28482124324512614,10482860201.225985,499776767.53799784,2026-02-21 00:00:25.902,cardano
1771635684180,0.28276655684325114,10406383291.763279,495652481.3701642,2026-02-21 01:01:24.180,cardano
1771639261381,0.2834458192350999,10429870156.234594,500414723.94638824,2026-02-21 02:01:01.381,cardano
1771642828465,0.28364555121672475,10438968782.667425,503205969.5493802,2026-02-21 03:00:28.465,cardano
1771646528289,0.2828419456746003,10410647484.919659,503170090.96488833,2026-02-21 04:02:08.289,cardano
1771650012371,0.28279616561010273,10404791206.095032,505867819.8346996,2026-02-21 05:00:12.371,cardano
1771653723184,0.2834522538461667,10437253145.98863,499593746.36516,2026-02-21 06:02:03.184,cardano
1771657341707,0.28158214079743243,10363218019.960625,491713661.3423009,2026-02-21 07:02:21.707,cardano
1771660913663,0.2813451893440774,10355345033.18436,490685822.34730446,2026-02-21 08:01:53.663,cardano
1771664517889,0.28347821106734555,10422166355.904291,497981825.0128955,2026-02-21 09:01:57.889,cardano
1771668020104,0.284345778918194,10471518204.690361,492962051.78938824,2026-02-21 10:00:20.104,cardano
1771671730946,0.2837625101209524,10444393062.850168,478056592.751058,2026-02-21 11:02:10.946,cardano
1771675328046,0.2834330429064272,10432247466.048632,471865812.1388492,2026-02-21 12:02:08.046,cardano
1771678851043,0.28256119136555585,10398262857.007418,471543772.42896116,2026-02-21 13:00:51.043,cardano
1771682507696,0.283045303934096,10412469998.224808,454911969.54249746,2026-02-21 14:01:47.696,cardano
1771686158525,0.283103588978957,10420856933.262802,441292480.1536686,2026-02-21 15:02:38.525,cardano
1771689704110,0.28274073085266926,10409418438.501602,386497277.4278376,2026-02-21 16:01:44.110,cardano
1771693374902,0.2808102952761301,10340336614.914158,338441375.38062894,2026-02-21 17:02:54.902,cardano
1771696950611,0.2809164183199086,10339071231.134285,302648021.7801423,2026-02-21 18:02:30.611,cardano
1771700582720,0.2817957110503005,10375972247.165417,273004948.90910846,2026-02-21 19:03:02.720,cardano
1771704217557,0.28020524559967785,10316837978.35181,261691024.91911197,2026-02-21 20:03:37.557,cardano
1771707638465,0.27986689129349873,10305644683.071754,258690859.1776531,2026-02-21 21:00:38.465,cardano
1771711401261,0.280965139997279,10340869567.401402,258481283.54587075,2026-02-21 22:03:21.261,cardano
1771714946279,0.28015228502501016,10313212461.72038,259042022.97372013,2026-02-21 23:02:26.279,cardano
1771718416866,0.2800732424232308,10308719959.490116,256866565.54747927,2026-02-22 00:00:16.866,cardano
1771722224686,0.27831777752560866,10243316621.077456,258489079.78398728,2026-02-22 01:03:44.686,cardano
1771725747246,0.27913202763967,10273945850.957159,255014803.55806842,2026-02-22 02:02:27.246,cardano
1771729308032,0.2770666562688374,10196492043.333488,257776790.72239825,2026-02-22 03:01:48.032,cardano
1771732953862,0.2771579429952089,10199723933.87984,258412185.57675105,2026-02-22 04:02:33.862,cardano
1771736575839,0.2763731256846455,10172605027.08711,253404641.00317436,2026-02-22 05:02:55.839,cardano
1771740127666,0.2755403959450449,10137531233.266539,260605452.98316106,2026-02-22 06:02:07.666,cardano
1771743743837,0.2765407505353991,10179925156.015472,262892963.0129795,2026-02-22 07:02:23.837,cardano
1771747274636,0.275990285670445,10161120627.56076,263211081.56763482,2026-02-22 08:01:14.636,cardano
1771750934536,0.27532833387677547,10134325198.909397,262745540.58081025,2026-02-22 09:02:14.536,cardano
1771754455273,0.2763278512224844,10170727247.96982,257113762.06509835,2026-02-22 10:00:55.273,cardano
1771758161800,0.27613982739485493,10163845350.328415,255693627.4735465,2026-02-22 11:02:41.800,cardano
1771761722223,0.27601660215726753,10161553954.115898,256065936.17156264,2026-02-22 12:02:02.223,cardano
1771765357805,0.27318212403243314,10057714179.772886,260113335.09137353,2026-02-22 13:02:37.805,cardano
1771768927877,0.2725083183643894,10029355806.309925,265910786.75365064,2026-02-22 14:02:07.877,cardano
1771772542685,0.27176201847479825,10002056576.113867,257520957.02901962,2026-02-22 15:02:22.685,cardano
1771776163634,0.2719327049574268,10015427553.918198,259376069.58748585,2026-02-22 16:02:43.634,cardano
1771779736104,0.2711216360122523,9981864659.979288,259342978.24482504,2026-02-22 17:02:16.104,cardano
1771783339464,0.2702723167983323,9950036312.06584,255104793.86162415,2026-02-22 18:02:19.464,cardano
1771786945323,0.27000401984068034,9940045188.008345,251159053.04646292,2026-02-22 19:02:25.323,cardano
1771790572937,0.2699597032237109,9936626481.749172,242575867.96982712,2026-02-22 20:02:52.937,cardano
1771794202099,0.26925616961434795,9915795489.255146,243376971.86561605,2026-02-22 21:03:22.099,cardano
1771797898221,0.2702432658467435,9948879555.746393,234296486.17475295,2026-02-22 22:04:58.221,cardano
1771801356241,0.27162477192950174,9999170085.582087,250466233.0183768,2026-02-22 23:02:36.241,cardano
1771804986720,0.2714483311537274,9981710145.983187,255246637.19090056,2026-02-23 00:03:06.720,cardano
1771808530304,0.269267292329199,9916865054.441301,252449600.86022142,2026-02-23 01:02:10.304,cardano
1771812054286,0.2591900163576246,9543080094.255291,337265387.3010174,2026-02-23 02:00:54.286,cardano
1771815619839,0.2600732717474114,9572792465.956968,351340371.89744973,2026-02-23 03:00:19.839,cardano
1771819302319,0.2612882042351956,9624634714.293526,357033299.7673552,2026-02-23 04:01:42.319,cardano
1771822978903,0.2605346975179999,9587873284.997807,361570491.99608773,2026-02-23 05:02:58.903,cardano
1771826555666,0.2616853272412662,9633483056.261591,361741142.8683291,2026-02-23 06:02:35.666,cardano
1771830236731,0.2659482698369003,9791040539.740072,371543529.8786285,2026-02-23 07:03:56.731,cardano
1771833609682,0.2667231712741498,9820545138.98855,376142521.4462371,2026-02-23 08:00:09.682,cardano
1771837391570,0.2650322450757566,9754460088.958317,380319608.71055603,2026-02-23 09:03:11.570,cardano
1771840933843,0.27100511694701673,9979488931.25004,396668033.6239611,2026-02-23 10:02:13.843,cardano
1771844563404,0.2705016610595575,9959377924.868492,393958333.9865247,2026-02-23 11:02:43.404,cardano
1771848024995,0.27100657092864194,9976309781.642183,399904651.4126224,2026-02-23 12:00:24.995,cardano
1771851688459,0.27356877328942497,10073573710.23749,410154498.67596406,2026-02-23 13:01:28.459,cardano
1771855331734,0.27256850618464484,10053095833.9638,425425886.9324843,2026-02-23 14:02:11.734,cardano
1771858943520,0.27060671850920387,9965986757.45069,427309393.220382,2026-02-23 15:02:23.520,cardano
1771862420432,0.2671879122716256,9837618152.905115,430509547.55201435,2026-02-23 16:00:20.432,cardano
1771866237677,0.2661155699770869,9794327547.456692,432188614.6277228,2026-02-23 17:03:57.677,cardano
1771869800947,0.26231462473994516,9653373338.821716,447489530.09095937,2026-02-23 18:03:20.947,cardano
1771873348002,0.2637728972102289,9712715856.634985,455130327.4933957,2026-02-23 19:02:28.002,cardano
1771876964730,0.26182024817954336,9641159535.724686,456295339.8986606,2026-02-23 20:02:44.730,cardano
1771880583676,0.2630188637196894,9681563357.0717,460379549.180398,2026-02-23 21:03:03.676,cardano
1771884184786,0.2633934283727803,9697473378.279894,468150622.38132936,2026-02-23 22:03:04.786,cardano
1771887759156,0.2635837166425687,9707533195.905333,472680954.910072,2026-02-23 23:02:39.156,cardano
1771891379419,0.2622106045521584,9652280649.607761,460381380.0492144,2026-02-24 00:02:59.419,cardano
1771895092008,0.26413311427617653,9725603423.855484,466097824.75026196,2026-02-24 01:04:52.008,cardano
1771898577447,0.261181028687496,9616735873.922411,400547799.3479091,2026-02-24 02:02:57.447,cardano
1771902251867,0.26008141257369916,9578650765.31376,391388110.62823254,2026-02-24 03:04:11.867,cardano
1771905648077,0.258500504150164,9518161989.291224,391435794.8876805,2026-02-24 04:00:48.077,cardano
1771909415252,0.2575779486086193,9477750488.726332,397034498.0981045,2026-02-24 05:03:35.252,cardano
1771912946759,0.2572135658687868,9469899668.133242,398623505.6888954,2026-02-24 06:02:26.759,cardano
1771916519717,0.25649124768664316,9448182500.864738,395416669.601786,2026-02-24 07:01:59.717,cardano
1771920120418,0.25737524918528865,9472094432.933086,395675621.54029894,2026-02-24 08:02:00.418,cardano
1771923718044,0.25812496711431715,9502573473.84326,397383263.2458482,2026-02-24 09:01:58.044,cardano
1771927220565,0.2569888882342569,9460032114.844938,393596545.31220156,2026-02-24 10:00:20.565,cardano
1771930992771,0.25745980808025565,9476194596.196312,396847035.15933216,2026-02-24 11:03:12.771,cardano
1771934610619,0.2571437501335454,9465499911.547682,394493956.8184597,2026-02-24 12:03:30.619,cardano
1771938146815,0.2565358900772495,9442337588.791925,386674323.03746384,2026-02-24 13:02:26.815,cardano
1771941824985,0.2563887554269291,9439499519.986471,388298014.16465425,2026-02-24 14:03:44.985,cardano
1771945352964,0.25788905275001683,9496410227.79525,400245463.5879982,2026-02-24 15:02:32.964,cardano
1771948900356,0.2594739262438387,9552388007.323893,394995941.09421414,2026-02-24 16:01:40.356,cardano
1771952597819,0.26077555802315217,9590897773.46477,399892117.34063774,2026-02-24 17:03:17.819,cardano
1771956152256,0.26123996418785767,9617124502.192163,387120559.1682018,2026-02-24 18:02:32.256,cardano
1771959756824,0.26132979540253076,9620978987.756992,383048625.88295543,2026-02-24 19:02:36.824,cardano
1771963326309,0.26053013670377295,9591034385.194551,378399599.46641165,2026-02-24 20:02:06.309,cardano
1771966995967,0.26062522822428574,9593928094.977406,372122516.9801847,2026-02-24 21:03:15.967,cardano
1771970573826,0.25939630249654155,9551749408.594587,371122603.19531626,2026-02-24 22:02:53.826,cardano
1771974177485,0.2594037523088081,9549953736.714828,368483110.78069985,2026-02-24 23:02:57.485,cardano
1771977798140,0.2586673794901158,9522303068.015177,360668971.0699055,2026-02-25 00:03:18.140,cardano
1771981380656,0.2592235220374956,9545396332.172886,370328710.58496565,2026-02-25 01:03:00.656,cardano
1771985040994,0.26740777563300594,9844182451.60829,392480506.6721897,2026-02-25 02:04:00.994,cardano
1771988412517,0.26954538210943485,9925673715.93957,411129292.9633489,2026-02-25 03:00:12.517,cardano
1771992126611,0.2660398542100372,9799163761.360579,404302602.6554287,2026-02-25 04:02:06.611,cardano
1771995690078,0.26610952297746376,9799720385.411596,411288157.3122981,2026-02-25 05:01:30.078,cardano
1771999340707,0.26389348432028414,9715794129.769886,407249409.3932364,2026-02-25 06:02:20.707,cardano
1772002962159,0.2643458603447375,9729026058.242119,402449044.6329697,2026-02-25 07:02:42.159,cardano
1772006496773,0.2657504717734801,9780788596.053804,403405992.62230706,2026-02-25 08:01:36.773,cardano
1772010148134,0.26842895371374864,9881498744.124376,406988929.2469992,2026-02-25 09:02:28.134,cardano
1772013732337,0.2700062095249409,9938345742.709156,403662014.29379344,2026-02-25 10:02:12.337,cardano
1772017345460,0.26978243325591467,9932815116.69691,403417665.5399542,2026-02-25 11:02:25.460,cardano
1772020977129,0.27083834061478934,9970319470.65743,407701578.73216766,2026-02-25 12:02:57.129,cardano
1772024591298,0.27694502010010863,10190224400.446613,437869542.78508896,2026-02-25 13:03:11.298,cardano
1772028155645,0.27854917242630284,10252037217.072626,455475694.7134824,2026-02-25 14:02:35.645,cardano
1772031765197,0.2863542126927901,10537589019.23782,489390351.58049464,2026-02-25 15:02:45.197,cardano
1772035369683,0.29097606394661785,10732952210.609907,570900849.1744611,2026-02-25 16:02:49.683,cardano
1772039040749,0.2950482068434803,10860179884.294586,601946918.7388372,2026-02-25 17:04:00.749,cardano
1772042428970,0.29596685482294,10895248188.486189,644809988.4854252,2026-02-25 18:00:28.970,cardano
1772046201570,0.29894532912770405,10998451163.887394,684616277.6673617,2026-02-25 19:03:21.570,cardano
1772049775048,0.3014352889284887,11076248879.81927,758069499.2900296,2026-02-25 20:02:55.048,cardano
1772053265435,0.3078659876466405,11348616100.333899,933042195.331656,2026-02-25 21:01:05.435,cardano
1772057029751,0.3101312648244549,11416232945.574081,998881707.1275315,2026-02-25 22:03:49.751,cardano
1772060574051,0.3004404379933113,11060226204.88905,1007687082.8688571,2026-02-25 23:02:54.051,cardano
1772064054526,0.29653388505631445,10912058855.288685,986750011.0608774,2026-02-26 00:00:54.526,cardano
1772067760410,0.29558856497560526,10882289501.327534,1082792643.6048155,2026-02-26 01:02:40.410,cardano
1772071225173,0.29661357783465836,10927833107.576273,1048288115.608152,2026-02-26 02:00:25.173,cardano
1772074971974,0.29679237737851927,10921795829.776962,1034293661.0304958,2026-02-26 03:02:51.974,cardano
1772078548975,0.2953407273771778,10880054186.58398,1030826471.3452375,2026-02-26 04:02:28.975,cardano
1772082235785,0.2971082888129778,10957792857.833494,1050109032.7248716,2026-02-26 05:03:55.785,cardano
1772085674230,0.29514054775789356,10868524388.216145,1047377011.5299441,2026-02-26 06:01:14.230,cardano
1772089395231,0.29421667215355485,10833035914.898941,1096927725.8660123,2026-02-26 07:03:15.231,cardano
1772092958833,0.29328639787165883,10797067455.70809,1097568025.2654757,2026-02-26 08:02:38.833,cardano
1772096554100,0.2925707329607933,10800400672.7613,1143570733.1517928,2026-02-26 09:02:34.100,cardano
1772100089575,0.29477267831101595,10838571187.798698,1153324580.7621949,2026-02-26 10:01:29.575,cardano
1772103792370,0.29203663503518673,10743561312.864092,1146048697.4404712,2026-02-26 11:03:12.370,cardano
1772107370191,0.2893550073745458,10653685494.08863,1139133248.834404,2026-02-26 12:02:50.191,cardano
1772110926791,0.29266528995683777,10773218613.49732,1133586478.2749095,2026-02-26 13:02:06.791,cardano
1772114618949,0.2921862109540873,10756598134.949753,1119316471.2735264,2026-02-26 14:03:38.949,cardano
1772118207380,0.2918974455738777,10745687955.799953,1091247898.005413,2026-02-26 15:03:27.380,cardano
1772121799608,0.29140065892531636,10727760078.309872,1080901293.1569417,2026-02-26 16:03:19.608,cardano
1772125371574,0.2842161201570727,10461318495.65463,1020479637.2500652,2026-02-26 17:02:51.574,cardano
1772129002665,0.28362862705172226,10441326721.285103,1008018834.9119986,2026-02-26 18:03:22.665,cardano
1772132568690,0.28629502995333717,10534857250.109821,988719317.6964107,2026-02-26 19:02:48.690,cardano
1772136267326,0.2882960031617701,10615029143.105228,969889996.3047931,2026-02-26 20:04:27.326,cardano
1772139754790,0.2851484057323724,10486071385.418335,818097147.4587076,2026-02-26 21:02:34.790,cardano
1772143329251,0.2856038288533628,10517126947.910265,756203650.443641,2026-02-26 22:02:09.251,cardano
1772147042925,0.28719828692904503,10570189478.016039,700114196.9130237,2026-02-26 23:04:02.925,cardano
1772150556166,0.2869087463627509,10561822862.34465,653962029.6193124,2026-02-27 00:02:36.166,cardano
1772154212356,0.286224866602869,10529919648.937325,633479220.5877079,2026-02-27 01:03:32.356,cardano
1772157801300,0.28770776959896954,10591874522.804249,607214035.8480171,2026-02-27 02:03:21.300,cardano
1772161409052,0.28734005996946954,10582669101.46938,598451139.391399,2026-02-27 03:03:29.052,cardano
1772164983910,0.29005533363637453,10678454808.785654,593702601.0225775,2026-02-27 04:03:03.910,cardano
1772168578877,0.2934647305787346,10812944369.660212,599338631.9797606,2026-02-27 05:02:58.877,cardano
1772172209573,0.2949372654966915,10860067844.896797,605670250.5303428,2026-02-27 06:03:29.573,cardano
1772175764967,0.2924866281763786,10768819396.657286,610381416.4604357,2026-02-27 07:02:44.967,cardano
1772179384885,0.2903594261295879,10689059279.786314,610929618.9124522,2026-02-27 08:03:04.885,cardano
1772182986335,0.29218615486161137,10748273095.907776,607253712.6352196,2026-02-27 09:03:06.335,cardano
1772186617583,0.29076805798413585,10705606114.432941,583809068.4850703,2026-02-27 10:03:37.583,cardano
1772190194758,0.28612852441568,10546570972.653625,571653530.9442464,2026-02-27 11:03:14.758,cardano
1772193682625,0.28213017296669235,10386434968.293783,578300774.7490422,2026-02-27 12:01:22.625,cardano
1772197243917,0.2829676052939892,10411299987.396584,586756058.7621075,2026-02-27 13:00:43.917,cardano
1772201008290,0.2837777429701969,10444391415.719614,596944697.0492231,2026-02-27 14:03:28.290,cardano
1772204637173,0.281692872071365,10369366653.768559,547899021.869126,2026-02-27 15:03:57.173,cardano
1772208184399,0.2806437178375357,10336811700.017527,560411845.9488642,2026-02-27 16:03:04.399,cardano
1772211871441,0.27763820242836257,10234619099.43578,526181560.75685865,2026-02-27 17:04:31.441,cardano
1772215243622,0.27780013643094253,10211511767.75634,528247333.0634688,2026-02-27 18:00:43.622,cardano
1772219042724,0.2769914255066889,10202862732.280214,514899386.9137298,2026-02-27 19:04:02.724,cardano
1772222580932,0.2756702516551029,10147632268.768742,489420949.31347924,2026-02-27 20:03:00.932,cardano
1772226202270,0.27771651884771226,10235676257.435593,481614333.58685136,2026-02-27 21:03:22.270,cardano
1772229653554,0.27594125428840977,10150054021.216063,478321557.76760507,2026-02-27 22:00:53.554,cardano
1772233348458,0.27647020553105045,10174794927.747856,485282251.6550517,2026-02-27 23:02:28.458,cardano
1772237015484,0.27755132486451256,10220171072.27779,482499914.402939,2026-02-28 00:03:35.484,cardano
1772240545332,0.2778997740861883,10230534872.811121,485632228.7122237,2026-02-28 01:02:25.332,cardano
1772244211559,0.27774754850868666,10230838713.794067,481722597.9328641,2026-02-28 02:03:31.559,cardano
1772247733380,0.27920893392549007,10278473050.004618,483165593.44402945,2026-02-28 03:02:13.380,cardano
1772251393856,0.2768205222336737,10195084999.048004,475266627.9016628,2026-02-28 04:03:13.856,cardano
1772254967241,0.2766338412674902,10186727954.55084,454817634.2253069,2026-02-28 05:02:47.241,cardano
1772258552318,0.2752453912747699,10128500904.91499,440320130.4228646,2026-02-28 06:02:32.318,cardano
1772262188605,0.2630973572977277,9694685035.995302,511076144.4493804,2026-02-28 07:03:08.605,cardano
1772265651644,0.26533686673525103,9775103599.988071,568834900.9941013,2026-02-28 08:00:51.644,cardano
1772269300161,0.2610939686762217,9616872099.417326,577697044.6513491,2026-02-28 09:01:40.161,cardano
1772272909418,0.2610467852342253,9602678411.858593,529382061.1626639,2026-02-28 10:01:49.418,cardano
1772276511421,0.26329559200187147,9693668721.202763,605617161.2904272,2026-02-28 11:01:51.421,cardano
1772280171266,0.2631543669397393,9690450674.932398,610553349.2478465,2026-02-28 12:02:51.266,cardano
1772283769901,0.26326064984386316,9687866263.176483,589745739.001302,2026-02-28 13:02:49.901,cardano
1772287420901,0.26910019284628867,9903429871.396835,603520755.8150905,2026-02-28 14:03:40.901,cardano
1772290976856,0.26652339278774595,9813366711.55167,602571494.4622614,2026-02-28 15:02:56.856,cardano
1772294538836,0.2678634890910738,9861676715.961071,617330535.1044599,2026-02-28 16:02:18.836,cardano
1772298127423,0.2688980999583895,9890687594.84358,607615386.2227701,2026-02-28 17:02:07.423,cardano
1772301811079,0.268383846102882,9875355840.445513,602877616.8722063,2026-02-28 18:03:31.079,cardano
1772305350349,0.27388977529427905,10086569204.029943,616075298.6205219,2026-02-28 19:02:30.349,cardano
1772308811928,0.27631538822890467,10171954414.865343,643833756.627762,2026-02-28 20:00:11.928,cardano
1772312586784,0.28069584199967584,10334122059.29063,662338877.8359816,2026-02-28 21:03:06.784,cardano
1772316050067,0.2782546363561885,10242255628.046215,687419574.021651,2026-02-28 22:00:50.067,cardano
1772319615478,0.2811022843838039,10358798395.799631,699746631.3282119,2026-02-28 23:00:15.478,cardano
1772323273378,0.2815703179946559,10377866881.345486,707747667.8329694,2026-03-01 00:01:13.378,cardano
1772326991490,0.2795852169640402,10298618916.25814,711464001.7041659,2026-03-01 01:03:11.490,cardano
1772330412778,0.28594943170511933,10527992655.658155,764327102.7441632,2026-03-01 02:00:12.778,cardano
1772334143349,0.2901185309208237,10684798090.858171,796236331.3499041,2026-03-01 03:02:23.349,cardano
1772337755425,0.286855476250343,10562058530.783651,764315699.9306164,2026-03-01 04:02:35.425,cardano
1772341365450,0.28582282704951184,10524397058.649149,784815389.7257147,2026-03-01 05:02:45.450,cardano
1772345006722,0.28595372425132576,10528327656.459656,819375226.5581377,2026-03-01 06:03:26.722,cardano
1772348548430,0.2826026071294534,10403531697.875317,733710510.8941296,2026-03-01 07:02:28.430,cardano
1772352122226,0.28291904608216933,10417607024.109453,663167678.034349,2026-03-01 08:02:02.226,cardano
1772355812513,0.27914089930676234,10275666066.83354,677856349.1294631,2026-03-01 09:03:32.513,cardano
1772359413061,0.27873811704998785,10268433234.487158,645510173.8527634,2026-03-01 10:03:33.061,cardano
1772362828250,0.27853141193719944,10255931577.200891,624297398.2972648,2026-03-01 11:00:28.250,cardano
1772366489181,0.2780817560297177,10234309642.864937,611419124.3913996,2026-03-01 12:01:29.181,cardano
1772370138651,0.2762195905654464,10170487766.627853,605442969.150789,2026-03-01 13:02:18.651,cardano
1772373833034,0.2809656575760049,10330439485.422468,586772210.5827742,2026-03-01 14:03:53.034,cardano
1772377392259,0.2791735588410659,10276411852.671328,593501119.3632283,2026-03-01 15:03:12.259,cardano
1772381001061,0.2812235134583764,10363347644.542707,607329750.7649051,2026-03-01 16:03:21.061,cardano
1772384592199,0.27716993826518666,10205475700.45126,593285274.1492559,2026-03-01 17:03:12.199,cardano
1772388091779,0.27539314498984013,10142875842.146957,605550683.4671738,2026-03-01 18:01:31.779,cardano
1772391789179,0.27642131623364435,10180516316.108234,614616141.0422238,2026-03-01 19:03:09.179,cardano
1772395349387,0.27367540920469735,10072650899.815168,579196974.9617075,2026-03-01 20:02:29.387,cardano
1772399005101,0.2699949563392578,9937916600.990417,569510475.3082384,2026-03-01 21:03:25.101,cardano
1772402507767,0.2730409808950448,10049359320.569527,564971139.7640173,2026-03-01 22:01:47.767,cardano
1772406193037,0.2718875157522025,10012102424.032455,558404734.3093898,2026-03-01 23:03:13.037,cardano
1772409810813,0.27347559874427163,10069623803.792627,572404548.8475515,2026-03-02 00:03:30.813,cardano
1772413342436,0.27645585374977055,10176672591.558132,594725551.0724527,2026-03-02 01:02:22.436,cardano
1772416951545,0.27693712212227306,10208892178.119505,582354373.3966229,2026-03-02 02:02:31.545,cardano
1772420529611,0.2760072909334269,10168427566.82158,549062889.4719511,2026-03-02 03:02:09.611,cardano
1772424096267,0.277130922450672,10203372039.520992,549083978.8991143,2026-03-02 04:01:36.267,cardano
1772427688573,0.27593354263336717,10160480062.285898,537034400.3999647,2026-03-02 05:01:28.573,cardano
1772431290713,0.27555575881122885,10155735858.081823,542831682.379862,2026-03-02 06:01:30.713,cardano
1772434910608,0.2719394666667275,10012866714.062656,491816084.60889727,2026-03-02 07:01:50.608,cardano
1772438495141,0.2707870126859387,9970876542.78909,537639525.1693319,2026-03-02 08:01:35.141,cardano
1772442092175,0.2720157233401099,10014040873.650002,513686489.3793406,2026-03-02 09:01:32.175,cardano
1772445776197,0.27209024216831196,10023402642.934305,529493337.23462105,2026-03-02 10:02:56.197,cardano
1772449335645,0.27159635971145435,9999674938.392525,509049786.56568485,2026-03-02 11:02:15.645,cardano
1772452823936,0.27210967550897636,10019351990.43566,524195509.6287585,2026-03-02 12:00:23.936,cardano
1772456540951,0.2709778442047035,9978728921.480349,512537872.1764683,2026-03-02 13:02:20.951,cardano
1772460256327,0.2700467551043686,9943056226.223158,511210211.0384012,2026-03-02 14:04:16.327,cardano
1772463819076,0.27666968485003174,10179147428.024666,521328354.2141647,2026-03-02 15:03:39.076,cardano
1772467353189,0.2842906692645388,10489148629.149916,596210593.0439909,2026-03-02 16:02:33.189,cardano
1772470972865,0.285233752992118,10507869314.576622,629463062.564784,2026-03-02 17:02:52.865,cardano
1772474534024,0.28170313980792794,10345894995.398056,615053859.9306206,2026-03-02 18:02:14.024,cardano
1772478240380,0.280815128239728,10340983549.033302,641109516.6540259,2026-03-02 19:04:00.380,cardano
1772481793533,0.28026448053074027,10316585496.57993,652762713.7980167,2026-03-02 20:03:13.533,cardano
1772485352053,0.28016252845012113,10323742893.234608,643470923.7353255,2026-03-02 21:02:32.053,cardano
1772488983708,0.27959463557764036,10292708144.39064,630067933.9620825,2026-03-02 22:03:03.708,cardano
1772492580912,0.2805022856210595,10329556814.16849,617032849.5966736,2026-03-02 23:03:00.912,cardano
1772496209298,0.2768471144180479,10190221692.311764,604804112.3803922,2026-03-03 00:03:29.298,cardano
1772499713233,0.2756722750898842,10149682839.388948,627633488.7240425,2026-03-03 01:01:53.233,cardano
1772503045462,0.2754411432001483,10148850185.094673,620704776.3471512,2026-03-03 01:57:25.462,cardano
1772503400245,0.27477588651951934,10135103319.932177,620959154.8649826,2026-03-03 02:03:20.245,cardano
1772507019511,0.27381533982281114,10083189282.893932,614944298.0125803,2026-03-03 03:03:39.511,cardano
1772510549506,0.2735621702041022,10075177315.070389,598133521.3604629,2026-03-03 04:02:29.506,cardano
1772514026262,0.27134498849123284,9991328058.723518,607581298.0193027,2026-03-03 05:00:26.262,cardano
1772517782355,0.2702015258607561,9944953402.898846,622881534.4811486,2026-03-03 06:03:02.355,cardano
1772521267837,0.26918697705517575,9905059669.411898,625767401.0375689,2026-03-03 07:01:07.837,cardano
1772524947585,0.2686019259501449,9885257086.230171,635049328.304364,2026-03-03 08:02:27.585,cardano
1772528657406,0.26615787148791215,9802105659.559647,626225540.2032903,2026-03-03 09:04:17.406,cardano
1772532214263,0.26469518418454013,9746657498.477604,633347222.428045,2026-03-03 10:03:34.263,cardano
1772535699598,0.26488553725658476,9756056323.180922,646720562.6309539,2026-03-03 11:01:39.598,cardano
1772539337518,0.26470650241772903,9745178909.82338,662276207.2214006,2026-03-03 12:02:17.518,cardano
1772542973733,0.2649167804919312,9753030843.569849,686351051.4990513,2026-03-03 13:02:53.733,cardano
1772546630961,0.26360966345512626,9705336518.877512,669032011.504894,2026-03-03 14:03:50.961,cardano
1772550225942,0.26312619134829535,9686904953.750196,680612952.5363879,2026-03-03 15:03:45.942,cardano
1772553788617,0.2647894332113782,9742713906.69118,661422651.7151259,2026-03-03 16:03:08.617,cardano
1772557410473,0.2683164011702536,9880736601.89205,681735248.2748126,2026-03-03 17:03:30.473,cardano
1772560816114,0.2676648049639059,9851985412.024786,675090025.5575517,2026-03-03 18:00:16.114,cardano
1772564585613,0.26712743408106054,9836807207.511057,662124886.4224104,2026-03-03 19:03:05.613,cardano
1772568018161,0.26384212944783875,9721184600.633335,670887813.8616452,2026-03-03 20:00:18.161,cardano
1772571765594,0.261608911644661,9632482539.624746,670581075.20095,2026-03-03 21:02:45.594,cardano
1772575369856,0.2619975969685327,9641500382.103836,679079850.30547,2026-03-03 22:02:49.856,cardano
1772578994246,0.26347296929909375,9709353520.071653,696712886.5762756,2026-03-03 23:03:14.246,cardano
1772582519412,0.2627855173738019,9686390924.596169,679885914.223311,2026-03-04 00:01:59.412,cardano
1772586174819,0.26278408117994984,9676372409.463705,669655824.6143844,2026-03-04 01:02:54.819,cardano
1772589820752,0.2640065806519928,9731292390.68886,697683843.3033823,2026-03-04 02:03:40.752,cardano
1772593360514,0.2641587772096558,9725970408.291384,675679001.4759824,2026-03-04 03:02:40.514,cardano
1772596821882,0.26179441225750866,9637921164.099731,682762285.8183515,2026-03-04 04:00:21.882,cardano
1772600691561,0.2605664967429142,9588469057.173553,709445096.9287039,2026-03-04 05:04:51.561,cardano
1772604215173,0.26110997984448725,9578677022.016085,718643965.6359555,2026-03-04 06:03:35.173,cardano
1772607722060,0.26109016888429726,9615135177.922821,699785183.8481061,2026-03-04 07:02:02.060,cardano
1772611281583,0.26472740266925404,9743973347.094566,707305228.9788611,2026-03-04 08:01:21.583,cardano
1772614991287,0.2708092756521474,9950252200.609537,758721870.7103202,2026-03-04 09:03:11.287,cardano
1772618477119,0.2726268363337954,10036245597.078497,808917241.3397516,2026-03-04 10:01:17.119,cardano
1772622174940,0.2699833832075813,9940107075.156082,800587645.1180038,2026-03-04 11:02:54.940,cardano
1772625605626,0.26840237410709333,9881779501.89323,807789518.7923352,2026-03-04 12:00:05.626,cardano
1772629402065,0.26866866101557785,9891628580.055115,837663666.4571766,2026-03-04 13:03:22.065,cardano
1772633003594,0.27152487087742144,9985282861.414614,844606184.1730059,2026-03-04 14:03:23.594,cardano
1772636604821,0.2735338309283485,10064030829.697025,857371480.5670595,2026-03-04 15:03:24.821,cardano
1772640212434,0.28035103221807955,10279283307.795593,913035109.2527521,2026-03-04 16:03:32.434,cardano
1772643790118,0.2805827269592721,10324000842.721395,901870014.6210302,2026-03-04 17:03:10.118,cardano
1772647401092,0.2810358782977012,10353468965.907217,955368508.3369904,2026-03-04 18:03:21.092,cardano
1772650922376,0.28133524302649404,10349017001.933163,947533094.2898852,2026-03-04 19:02:02.376,cardano
1772654632685,0.2827736463818237,10410524015.519588,968903150.3715335,2026-03-04 20:03:52.685,cardano
1772658134518,0.2812524924870257,10360564321.118546,959028202.0663146,2026-03-04 21:02:14.518,cardano
1772661697333,0.2800004349646651,10306307197.316635,964566077.324064,2026-03-04 22:01:37.333,cardano
1772665388309,0.2762812217409368,10181705713.153942,956638499.5866506,2026-03-04 23:03:08.309,cardano
1772669011654,0.2762665369552013,10171871568.799416,949019653.7960142,2026-03-05 00:03:31.654,cardano
1772672596123,0.27450269809142414,10115707179.2736,989658113.7739083,2026-03-05 01:03:16.123,cardano
1772676219912,0.27344267695480473,10071355597.644241,943428588.4364709,2026-03-05 02:03:39.912,cardano
1772679630342,0.2734373906448895,10067420848.735704,945511927.6620816,2026-03-05 03:00:30.342,cardano
1772683345846,0.2741894998658463,10096974618.96164,943262561.7055439,2026-03-05 04:02:25.846,cardano
1772686904305,0.275371451680077,10140189200.179054,934582071.2634686,2026-03-05 05:01:44.305,cardano
1772690531455,0.27320257337272036,10062095567.90298,917582927.341614,2026-03-05 06:02:11.455,cardano
1772694184389,0.2742441698369295,10085824794.670029,914170265.6152247,2026-03-05 07:03:04.389,cardano
1772697733064,0.2717740601353962,10004950612.192041,932262288.2851012,2026-03-05 08:02:13.064,cardano
1772701381261,0.2717180352334085,10001180383.602823,886479525.9090483,2026-03-05 09:03:01.261,cardano
1772705016487,0.27313316665224846,10055176399.89766,847885605.4681046,2026-03-05 10:03:36.487,cardano
1772708495926,0.2768199610228865,10193694527.422926,847713350.0676807,2026-03-05 11:01:35.926,cardano
1772712138733,0.2739490678689918,10083645758.9263,814747985.2781596,2026-03-05 12:02:18.733,cardano
1772715781027,0.27747004784969936,10216986476.365173,815205938.4821966,2026-03-05 13:03:01.027,cardano
1772719361935,0.27480582374909324,10129327912.477982,812742819.2237409,2026-03-05 14:02:41.935,cardano
1772722843276,0.2751999745838991,10118687006.05931,769602387.2963921,2026-03-05 15:00:43.276,cardano
1772726616945,0.2711596690117229,9984246455.189106,724432722.2221249,2026-03-05 16:03:36.945,cardano
1772730164942,0.26886214529137026,9900754253.84867,680656859.7309277,2026-03-05 17:02:44.942,cardano
1772733831308,0.26677070566421734,9828267704.023434,659665339.33466,2026-03-05 18:03:51.308,cardano
1772737247510,0.2683392359662713,9882064567.199228,641210853.5839175,2026-03-05 19:00:47.510,cardano
1772740952526,0.2695801107152655,9931699840.288874,601730350.8533396,2026-03-05 20:02:32.526,cardano
1772744542623,0.271054406423331,9979822049.746021,595295099.7900225,2026-03-05 21:02:22.623,cardano
1772748095774,0.2691406527570129,9908703572.245504,584577707.65889,2026-03-05 22:01:35.774,cardano
1772751778555,0.26944424652987575,9930901929.69518,573394518.0470252,2026-03-05 23:02:58.555,cardano
1772755350821,0.2690316354884066,9908111183.912256,554551053.7607601,2026-03-06 00:02:30.821,cardano
1772759002729,0.26836866328715014,9889248625.110664,532391669.53615105,2026-03-06 01:03:22.729,cardano
1772762628705,0.2707609093459897,9968468403.369133,527626446.26205057,2026-03-06 02:03:48.705,cardano
1772766194930,0.27002917606529264,9951408242.224573,519850620.5042905,2026-03-06 03:03:14.930,cardano
1772769783143,0.27039863737011016,9954944258.341093,517467257.99849755,2026-03-06 04:03:03.143,cardano
1772773393510,0.2685105100293687,9887887775.143044,524243876.65431195,2026-03-06 05:03:13.510,cardano
1772776962867,0.2683229158015823,9866368223.47914,508264957.1750566,2026-03-06 06:02:42.867,cardano
1772780557036,0.26896087450328765,9904965987.985607,507574981.14758027,2026-03-06 07:02:37.036,cardano
1772784188167,0.27160979430851817,10003713916.265945,495298040.48749715,2026-03-06 08:03:08.167,cardano
1772787713271,0.2687420280458894,9898197040.595942,483962831.24574214,2026-03-06 09:01:53.271,cardano
1772791251770,0.26681902472987146,9824949886.616194,471880501.72345877,2026-03-06 10:00:51.770,cardano
1772795002101,0.26784385371717656,9868001180.655155,454752992.13234645,2026-03-06 11:03:22.101,cardano
1772798594959,0.2662976524558382,9811048009.923265,437990590.5003123,2026-03-06 12:03:14.959,cardano
1772802178308,0.26647711252371853,9810303574.707859,439743942.04073596,2026-03-06 13:02:58.308,cardano
1772805622708,0.2669171071291762,9835565784.136469,447790639.50000346,2026-03-06 14:00:22.708,cardano
1772809373628,0.2586824673118572,9525969209.056133,490984374.13139933,2026-03-06 15:02:53.628,cardano
1772812966902,0.2566328421188877,9454592654.321522,499148654.01725996,2026-03-06 16:02:46.902,cardano
1772816623078,0.2576764801214035,9495119720.451473,484227480.94410396,2026-03-06 17:03:43.078,cardano
1772820204352,0.2569909950827632,9463659993.18405,473327160.62872267,2026-03-06 18:03:24.352,cardano
1772823788143,0.2587618616415046,9531459381.521439,477348170.9701257,2026-03-06 19:03:08.143,cardano
1772827310297,0.2586793253484466,9527816079.003654,488370450.51325405,2026-03-06 20:01:50.297,cardano
1772831006882,0.2584306526990664,9518853354.506916,469845556.39622957,2026-03-06 21:03:26.882,cardano
1772834628779,0.25931217288054165,9543370420.903711,478008883.1108595,2026-03-06 22:03:48.779,cardano
1772838176624,0.2599043876892305,9569815161.135866,463589934.94804287,2026-03-06 23:02:56.624,cardano
1772841788474,0.2590095934085374,9539372660.950546,469597952.7672148,2026-03-07 00:03:08.474,cardano
1772845331312,0.25957651509118385,9560873466.661058,470418131.9672406,2026-03-07 01:02:11.312,cardano
1772848974061,0.25943930214194183,9556757788.913504,455971876.1222465,2026-03-07 02:02:54.061,cardano
1772852604491,0.2592630751601669,9546672173.092297,449239005.73369575,2026-03-07 03:03:24.491,cardano
1772856182318,0.2587757441717295,9534107031.739582,443603673.295065,2026-03-07 04:03:02.318,cardano
1772859782361,0.25858481648195325,9523759447.18714,448420019.0579126,2026-03-07 05:03:02.361,cardano
1772863385722,0.2590879659951404,9541772821.64185,444541025.17868465,2026-03-07 06:03:05.722,cardano
1772866839186,0.2580656988473405,9503072773.341963,448198259.9375514,2026-03-07 07:00:39.186,cardano
1772870614633,0.2582957288641002,9512709356.318022,441452724.721712,2026-03-07 08:03:34.633,cardano
1772874039409,0.2583438936945724,9515115752.793737,453495155.42522997,2026-03-07 09:00:39.409,cardano
1772877828629,0.2583692658967787,9515525507.54701,429579899.4398021,2026-03-07 10:03:48.629,cardano
1772881386526,0.25780520567307175,9498192120.6362,425409652.0367086,2026-03-07 11:03:06.526,cardano
1772885033512,0.2588555555483614,9535346096.63236,435864912.4136513,2026-03-07 12:03:53.512,cardano
1772888535084,0.25735310881300516,9477404149.856478,419219050.40379834,2026-03-07 13:02:15.084,cardano
1772892329000,0.2555549555460308,9494381705.85455,365694186.4404428,2026-03-07 14:05:29.000,cardano
